operation,draft_load_N,cabletract_Wh_per_decare,electric_tractor_Wh_per_decare,relative_vs_electric,fuel_l_per_decare,fuel_savings_usd_year,electricity_savings_usd_year
Heavy tillage,3000.0,1144.4444444444443,4000.0,0.2861111111111111,3.0,8556.11650485437,1825.3048543689326
Medium cultivation,1800.0,811.1111111111111,2500.0,0.3244444444444444,1.6,6438.575342465754,1609.6438356164385
Seeding,1000.0,588.8888888888889,1800.0,0.3271604938271605,1.1,6096.905660377359,1596.2807547169812
Spraying,500.0,450.0,1200.0,0.375,0.8,5802.666666666667,1392.64
Weeding,700.0,505.55555555555554,1400.0,0.3611111111111111,0.9,5810.6373626373625,1446.2030769230769
