field_id,area_ha,shape_class,eta_best,n_strips,work_h,setup_h
field_010,8.0,rectangle,1.0,8,13.333333333333334,0.9
field_020,4.04,L_shape,0.9619047619047619,5,7.0,0.75
field_019,3.26,L_shape,0.8578947368421053,5,6.333333333333333,0.75
field_009,3.0,rectangle,1.0,4,5.0,0.7
field_044,2.889,irregular_concave,0.8149793440160653,5,5.908057856601297,0.75
