field_id,shape_class,field_area_m2,tractor_compacted_m2,tractor_compacted_frac,carriage_compacted_m2,carriage_compacted_frac,area_reduction_pct,tractor_mean_p_kPa,carriage_mean_p_kPa,tractor_energy_idx,carriage_energy_idx,energy_reduction_factor
field_001,rectangle,5000.0,10000.0,0.5,160.0,0.008,98.4,143.33333333333334,31.25,22933.333333333336,312.5,73.38666666666667
field_011,L_shape,9100.0,18200.0,0.5,320.0,0.008791208791208791,98.24175824175823,143.33333333333334,31.25,22933.333333333336,312.5,73.38666666666667
field_031,irregular_concave,9474.834906130634,18949.66981226127,0.5,525.0285265039932,0.013853236803215345,97.22935263935693,143.33333333333334,31.25,22933.333333333336,312.5,73.38666666666667
