vehicle,embodied_kg_per_ha_yr,fuel_kg_per_ha_yr,total_kg_per_ha_yr
CableTract,14.5648,0.0,14.5648
Diesel tractor,0.8533333333333333,31.68,32.53333333333333
Electric tractor,16.85333333333333,6.05,22.90333333333333
