variant,decares_per_day_offgrid,energy_per_decare_Wh,cost_cabletract_usd,payback_months_vs_fuel,surplus_power_W
Codesigned baseline (Main Unit + Anchor),11.463293797776023,921.4814814814815,35570.0,74.76168422924727,290.5354919053548
CableTract+ (4-Main-Unit cable robot),29.31949670037238,484.0987654320988,80566.05,88.95997376639548,895.5886926234607
Regenerative return leg,11.75169952344573,760.2222222222223,35570.0,61.678389489129,18.983854433623947
