annual_GHI_kWh_per_m2_yr,farm_size_ha,surplus_kWh_yr,npv_eur,payback_yr
800.0,1.0,1584.4733271831142,124.02733939479766,3.0590247325301205
825.4237288135594,1.0,1649.0211432450474,124.02733939479766,3.0590247325301205
850.8474576271186,1.0,1713.5689593069797,124.02733939479766,3.0590247325301205
876.271186440678,1.0,1778.1167753689128,124.02733939479766,3.0590247325301205
901.6949152542372,1.0,1842.6645914308456,124.02733939479766,3.0590247325301205
927.1186440677966,1.0,1907.2124074927783,124.02733939479766,3.0590247325301205
952.542372881356,1.0,1971.760223554711,124.02733939479766,3.0590247325301205
977.9661016949153,1.0,2036.3080396166442,124.02733939479766,3.0590247325301205
1003.3898305084746,1.0,2100.855855678577,124.02733939479766,3.0590247325301205
1028.8135593220338,1.0,2165.4036717405097,124.02733939479766,3.0590247325301205
1054.2372881355932,1.0,2229.9514878024424,124.02733939479766,3.0590247325301205
1079.6610169491526,1.0,2294.499303864375,124.02733939479766,3.0590247325301205
1105.084745762712,1.0,2359.0471199263084,124.02733939479766,3.0590247325301205
1130.508474576271,1.0,2423.5949359882406,124.02733939479766,3.0590247325301205
1155.9322033898306,1.0,2488.1427520501743,124.02733939479766,3.0590247325301205
1181.3559322033898,1.0,2552.6905681121066,124.02733939479766,3.0590247325301205
1206.7796610169491,1.0,2617.2383841740393,124.02733939479766,3.0590247325301205
1232.2033898305085,1.0,2681.7862002359725,124.02733939479766,3.0590247325301205
1257.6271186440677,1.0,2746.334016297905,124.02733939479766,3.0590247325301205
1283.0508474576272,1.0,2810.8818323598384,124.02733939479766,3.0590247325301205
1308.4745762711864,1.0,2875.4296484217707,124.02733939479766,3.0590247325301205
1333.8983050847457,1.0,2939.9774644837034,124.02733939479766,3.0590247325301205
1359.322033898305,1.0,3004.5252805456366,124.02733939479766,3.0590247325301205
1384.7457627118642,1.0,3069.073096607569,124.02733939479766,3.0590247325301205
1410.1694915254238,1.0,3133.6209126695026,124.02733939479766,3.0590247325301205
1435.593220338983,1.0,3198.168728731435,124.02733939479766,3.0590247325301205
1461.0169491525423,1.0,3262.7165447933676,124.02733939479766,3.0590247325301205
1486.4406779661017,1.0,3327.2643608553008,124.02733939479766,3.0590247325301205
1511.864406779661,1.0,3391.8121769172335,124.02733939479766,3.0590247325301205
1537.2881355932204,1.0,3456.3599929791667,124.02733939479766,3.0590247325301205
1562.7118644067796,1.0,3520.907809041099,124.02733939479766,3.0590247325301205
1588.135593220339,1.0,3585.4556251030317,124.02733939479766,3.0590247325301205
1613.5593220338983,1.0,3650.0034411649644,124.02733939479766,3.0590247325301205
1638.9830508474577,1.0,3714.5512572268976,124.02733939479766,3.0590247325301205
1664.406779661017,1.0,3779.099073288831,124.02733939479766,3.0590247325301205
1689.8305084745762,1.0,3843.646889350763,124.02733939479766,3.0590247325301205
1715.2542372881355,1.0,3908.1947054126963,124.02733939479766,3.0590247325301205
1740.677966101695,1.0,3972.7425214746286,124.02733939479766,3.0590247325301205
1766.1016949152543,1.0,4037.2903375365618,124.02733939479766,3.0590247325301205
1791.5254237288136,1.0,4101.8381535984945,124.02733939479766,3.0590247325301205
1816.9491525423728,1.0,4166.385969660427,124.02733939479766,3.0590247325301205
1842.3728813559321,1.0,4230.93378572236,124.02733939479766,3.0590247325301205
1867.7966101694915,1.0,4295.481601784292,124.02733939479766,3.0590247325301205
1893.2203389830509,1.0,4360.029417846225,124.02733939479766,3.0590247325301205
1918.6440677966102,1.0,4424.577233908159,124.02733939479766,3.0590247325301205
1944.0677966101696,1.0,4489.125049970091,124.02733939479766,3.0590247325301205
1969.4915254237287,1.0,4553.672866032023,124.02733939479766,3.0590247325301205
1994.915254237288,1.0,4618.220682093956,124.02733939479766,3.0590247325301205
2020.3389830508474,1.0,4682.76849815589,124.02733939479766,3.0590247325301205
2045.7627118644068,1.0,4747.316314217823,124.02733939479766,3.0590247325301205
2071.186440677966,1.0,4811.864130279755,124.02733939479766,3.0590247325301205
2096.610169491525,1.0,4876.411946341687,124.02733939479766,3.0590247325301205
2122.0338983050847,1.0,4940.9597624036205,124.02733939479766,3.0590247325301205
2147.4576271186443,1.0,5005.507578465555,124.02733939479766,3.0590247325301205
2172.8813559322034,1.0,5070.055394527487,124.02733939479766,3.0590247325301205
2198.3050847457625,1.0,5134.603210589419,124.02733939479766,3.0590247325301205
2223.728813559322,1.0,5199.151026651352,124.02733939479766,3.0590247325301205
2249.1525423728813,1.0,5263.698842713285,124.02733939479766,3.0590247325301205
2274.576271186441,1.0,5328.246658775218,124.02733939479766,3.0590247325301205
2300.0,1.0,5392.794474837151,124.02733939479766,3.0590247325301205
800.0,1.1242100350620865,1583.4012349831735,141.8886482801986,3.03675664431531
825.4237288135594,1.1242100350620865,1647.9490510451067,141.8886482801986,3.03675664431531
850.8474576271186,1.1242100350620865,1712.496867107039,141.8886482801986,3.03675664431531
876.271186440678,1.1242100350620865,1777.0446831689721,141.8886482801986,3.03675664431531
901.6949152542372,1.1242100350620865,1841.5924992309049,141.8886482801986,3.03675664431531
927.1186440677966,1.1242100350620865,1906.1403152928376,141.8886482801986,3.03675664431531
952.542372881356,1.1242100350620865,1970.6881313547703,141.8886482801986,3.03675664431531
977.9661016949153,1.1242100350620865,2035.2359474167035,141.8886482801986,3.03675664431531
1003.3898305084746,1.1242100350620865,2099.7837634786365,141.8886482801986,3.03675664431531
1028.8135593220338,1.1242100350620865,2164.331579540569,141.8886482801986,3.03675664431531
1054.2372881355932,1.1242100350620865,2228.879395602502,141.8886482801986,3.03675664431531
1079.6610169491526,1.1242100350620865,2293.4272116644343,141.8886482801986,3.03675664431531
1105.084745762712,1.1242100350620865,2357.9750277263674,141.8886482801986,3.03675664431531
1130.508474576271,1.1242100350620865,2422.5228437882997,141.8886482801986,3.03675664431531
1155.9322033898306,1.1242100350620865,2487.070659850234,141.8886482801986,3.03675664431531
1181.3559322033898,1.1242100350620865,2551.618475912166,141.8886482801986,3.03675664431531
1206.7796610169491,1.1242100350620865,2616.1662919740984,141.8886482801986,3.03675664431531
1232.2033898305085,1.1242100350620865,2680.7141080360316,141.8886482801986,3.03675664431531
1257.6271186440677,1.1242100350620865,2745.261924097964,141.8886482801986,3.03675664431531
1283.0508474576272,1.1242100350620865,2809.809740159898,141.8886482801986,3.03675664431531
1308.4745762711864,1.1242100350620865,2874.3575562218302,141.8886482801986,3.03675664431531
1333.8983050847457,1.1242100350620865,2938.9053722837625,141.8886482801986,3.03675664431531
1359.322033898305,1.1242100350620865,3003.4531883456957,141.8886482801986,3.03675664431531
1384.7457627118642,1.1242100350620865,3068.001004407628,141.8886482801986,3.03675664431531
1410.1694915254238,1.1242100350620865,3132.548820469562,141.8886482801986,3.03675664431531
1435.593220338983,1.1242100350620865,3197.0966365314944,141.8886482801986,3.03675664431531
1461.0169491525423,1.1242100350620865,3261.6444525934266,141.8886482801986,3.03675664431531
1486.4406779661017,1.1242100350620865,3326.19226865536,141.8886482801986,3.03675664431531
1511.864406779661,1.1242100350620865,3390.740084717293,141.8886482801986,3.03675664431531
1537.2881355932204,1.1242100350620865,3455.287900779226,141.8886482801986,3.03675664431531
1562.7118644067796,1.1242100350620865,3519.8357168411585,141.8886482801986,3.03675664431531
1588.135593220339,1.1242100350620865,3584.383532903091,141.8886482801986,3.03675664431531
1613.5593220338983,1.1242100350620865,3648.931348965024,141.8886482801986,3.03675664431531
1638.9830508474577,1.1242100350620865,3713.479165026957,141.8886482801986,3.03675664431531
1664.406779661017,1.1242100350620865,3778.0269810888904,141.8886482801986,3.03675664431531
1689.8305084745762,1.1242100350620865,3842.5747971508226,141.8886482801986,3.03675664431531
1715.2542372881355,1.1242100350620865,3907.122613212756,141.8886482801986,3.03675664431531
1740.677966101695,1.1242100350620865,3971.670429274688,141.8886482801986,3.03675664431531
1766.1016949152543,1.1242100350620865,4036.2182453366213,141.8886482801986,3.03675664431531
1791.5254237288136,1.1242100350620865,4100.7660613985545,141.8886482801986,3.03675664431531
1816.9491525423728,1.1242100350620865,4165.313877460487,141.8886482801986,3.03675664431531
1842.3728813559321,1.1242100350620865,4229.86169352242,141.8886482801986,3.03675664431531
1867.7966101694915,1.1242100350620865,4294.409509584352,141.8886482801986,3.03675664431531
1893.2203389830509,1.1242100350620865,4358.957325646285,141.8886482801986,3.03675664431531
1918.6440677966102,1.1242100350620865,4423.505141708219,141.8886482801986,3.03675664431531
1944.0677966101696,1.1242100350620865,4488.052957770151,141.8886482801986,3.03675664431531
1969.4915254237287,1.1242100350620865,4552.600773832083,141.8886482801986,3.03675664431531
1994.915254237288,1.1242100350620865,4617.148589894016,141.8886482801986,3.03675664431531
2020.3389830508474,1.1242100350620865,4681.69640595595,141.8886482801986,3.03675664431531
2045.7627118644068,1.1242100350620865,4746.244222017883,141.8886482801986,3.03675664431531
2071.186440677966,1.1242100350620865,4810.792038079815,141.8886482801986,3.03675664431531
2096.610169491525,1.1242100350620865,4875.339854141747,141.8886482801986,3.03675664431531
2122.0338983050847,1.1242100350620865,4939.8876702036805,141.8886482801986,3.03675664431531
2147.4576271186443,1.1242100350620865,5004.435486265615,141.8886482801986,3.03675664431531
2172.8813559322034,1.1242100350620865,5068.983302327547,141.8886482801986,3.03675664431531
2198.3050847457625,1.1242100350620865,5133.531118389479,141.8886482801986,3.03675664431531
2223.728813559322,1.1242100350620865,5198.078934451412,141.8886482801986,3.03675664431531
2249.1525423728813,1.1242100350620865,5262.626750513345,141.8886482801986,3.03675664431531
2274.576271186441,1.1242100350620865,5327.174566575278,141.8886482801986,3.03675664431531
2300.0,1.1242100350620865,5391.722382637211,141.8886482801986,3.03675664431531
800.0,1.263848202934298,1582.1959781734886,161.96851096850918,3.0120524702763762
825.4237288135594,1.263848202934298,1646.7437942354218,161.96851096850918,3.0120524702763762
850.8474576271186,1.263848202934298,1711.291610297354,161.96851096850918,3.0120524702763762
876.271186440678,1.263848202934298,1775.8394263592872,161.96851096850918,3.0120524702763762
901.6949152542372,1.263848202934298,1840.38724242122,161.96851096850918,3.0120524702763762
927.1186440677966,1.263848202934298,1904.9350584831527,161.96851096850918,3.0120524702763762
952.542372881356,1.263848202934298,1969.4828745450855,161.96851096850918,3.0120524702763762
977.9661016949153,1.263848202934298,2034.0306906070186,161.96851096850918,3.0120524702763762
1003.3898305084746,1.263848202934298,2098.5785066689514,161.96851096850918,3.0120524702763762
1028.8135593220338,1.263848202934298,2163.126322730884,161.96851096850918,3.0120524702763762
1054.2372881355932,1.263848202934298,2227.674138792817,161.96851096850918,3.0120524702763762
1079.6610169491526,1.263848202934298,2292.2219548547496,161.96851096850918,3.0120524702763762
1105.084745762712,1.263848202934298,2356.769770916683,161.96851096850918,3.0120524702763762
1130.508474576271,1.263848202934298,2421.317586978615,161.96851096850918,3.0120524702763762
1155.9322033898306,1.263848202934298,2485.8654030405487,161.96851096850918,3.0120524702763762
1181.3559322033898,1.263848202934298,2550.413219102481,161.96851096850918,3.0120524702763762
1206.7796610169491,1.263848202934298,2614.9610351644137,161.96851096850918,3.0120524702763762
1232.2033898305085,1.263848202934298,2679.508851226347,161.96851096850918,3.0120524702763762
1257.6271186440677,1.263848202934298,2744.056667288279,161.96851096850918,3.0120524702763762
1283.0508474576272,1.263848202934298,2808.604483350213,161.96851096850918,3.0120524702763762
1308.4745762711864,1.263848202934298,2873.152299412145,161.96851096850918,3.0120524702763762
1333.8983050847457,1.263848202934298,2937.700115474078,161.96851096850918,3.0120524702763762
1359.322033898305,1.263848202934298,3002.247931536011,161.96851096850918,3.0120524702763762
1384.7457627118642,1.263848202934298,3066.7957475979433,161.96851096850918,3.0120524702763762
1410.1694915254238,1.263848202934298,3131.343563659877,161.96851096850918,3.0120524702763762
1435.593220338983,1.263848202934298,3195.8913797218092,161.96851096850918,3.0120524702763762
1461.0169491525423,1.263848202934298,3260.439195783742,161.96851096850918,3.0120524702763762
1486.4406779661017,1.263848202934298,3324.987011845675,161.96851096850918,3.0120524702763762
1511.864406779661,1.263848202934298,3389.534827907608,161.96851096850918,3.0120524702763762
1537.2881355932204,1.263848202934298,3454.082643969541,161.96851096850918,3.0120524702763762
1562.7118644067796,1.263848202934298,3518.6304600314734,161.96851096850918,3.0120524702763762
1588.135593220339,1.263848202934298,3583.178276093406,161.96851096850918,3.0120524702763762
1613.5593220338983,1.263848202934298,3647.726092155339,161.96851096850918,3.0120524702763762
1638.9830508474577,1.263848202934298,3712.273908217272,161.96851096850918,3.0120524702763762
1664.406779661017,1.263848202934298,3776.8217242792052,161.96851096850918,3.0120524702763762
1689.8305084745762,1.263848202934298,3841.3695403411375,161.96851096850918,3.0120524702763762
1715.2542372881355,1.263848202934298,3905.9173564030707,161.96851096850918,3.0120524702763762
1740.677966101695,1.263848202934298,3970.465172465003,161.96851096850918,3.0120524702763762
1766.1016949152543,1.263848202934298,4035.012988526936,161.96851096850918,3.0120524702763762
1791.5254237288136,1.263848202934298,4099.560804588869,161.96851096850918,3.0120524702763762
1816.9491525423728,1.263848202934298,4164.108620650802,161.96851096850918,3.0120524702763762
1842.3728813559321,1.263848202934298,4228.656436712735,161.96851096850918,3.0120524702763762
1867.7966101694915,1.263848202934298,4293.204252774667,161.96851096850918,3.0120524702763762
1893.2203389830509,1.263848202934298,4357.7520688366,161.96851096850918,3.0120524702763762
1918.6440677966102,1.263848202934298,4422.2998848985335,161.96851096850918,3.0120524702763762
1944.0677966101696,1.263848202934298,4486.847700960466,161.96851096850918,3.0120524702763762
1969.4915254237287,1.263848202934298,4551.395517022398,161.96851096850918,3.0120524702763762
1994.915254237288,1.263848202934298,4615.943333084331,161.96851096850918,3.0120524702763762
2020.3389830508474,1.263848202934298,4680.491149146264,161.96851096850918,3.0120524702763762
2045.7627118644068,1.263848202934298,4745.038965208198,161.96851096850918,3.0120524702763762
2071.186440677966,1.263848202934298,4809.58678127013,161.96851096850918,3.0120524702763762
2096.610169491525,1.263848202934298,4874.134597332062,161.96851096850918,3.0120524702763762
2122.0338983050847,1.263848202934298,4938.682413393995,161.96851096850918,3.0120524702763762
2147.4576271186443,1.263848202934298,5003.2302294559295,161.96851096850918,3.0120524702763762
2172.8813559322034,1.263848202934298,5067.778045517862,161.96851096850918,3.0120524702763762
2198.3050847457625,1.263848202934298,5132.325861579794,161.96851096850918,3.0120524702763762
2223.728813559322,1.263848202934298,5196.873677641727,161.96851096850918,3.0120524702763762
2249.1525423728813,1.263848202934298,5261.4214937036595,161.96851096850918,3.0120524702763762
2274.576271186441,1.263848202934298,5325.969309765593,161.96851096850918,3.0120524702763762
2300.0,1.263848202934298,5390.517125827526,161.96851096850918,3.0120524702763762
800.0,1.4208308325339223,1580.841016373214,184.54249410537807,2.9858221836102885
825.4237288135594,1.4208308325339223,1645.3888324351472,184.54249410537807,2.9858221836102885
850.8474576271186,1.4208308325339223,1709.9366484970794,184.54249410537807,2.9858221836102885
876.271186440678,1.4208308325339223,1774.4844645590126,184.54249410537807,2.9858221836102885
901.6949152542372,1.4208308325339223,1839.0322806209454,184.54249410537807,2.9858221836102885
927.1186440677966,1.4208308325339223,1903.580096682878,184.54249410537807,2.9858221836102885
952.542372881356,1.4208308325339223,1968.1279127448108,184.54249410537807,2.9858221836102885
977.9661016949153,1.4208308325339223,2032.675728806744,184.54249410537807,2.9858221836102885
1003.3898305084746,1.4208308325339223,2097.223544868677,184.54249410537807,2.9858221836102885
1028.8135593220338,1.4208308325339223,2161.7713609306097,184.54249410537807,2.9858221836102885
1054.2372881355932,1.4208308325339223,2226.3191769925425,184.54249410537807,2.9858221836102885
1079.6610169491526,1.4208308325339223,2290.866993054475,184.54249410537807,2.9858221836102885
1105.084745762712,1.4208308325339223,2355.4148091164084,184.54249410537807,2.9858221836102885
1130.508474576271,1.4208308325339223,2419.9626251783407,184.54249410537807,2.9858221836102885
1155.9322033898306,1.4208308325339223,2484.5104412402743,184.54249410537807,2.9858221836102885
1181.3559322033898,1.4208308325339223,2549.0582573022066,184.54249410537807,2.9858221836102885
1206.7796610169491,1.4208308325339223,2613.6060733641393,184.54249410537807,2.9858221836102885
1232.2033898305085,1.4208308325339223,2678.1538894260725,184.54249410537807,2.9858221836102885
1257.6271186440677,1.4208308325339223,2742.701705488005,184.54249410537807,2.9858221836102885
1283.0508474576272,1.4208308325339223,2807.2495215499384,184.54249410537807,2.9858221836102885
1308.4745762711864,1.4208308325339223,2871.7973376118707,184.54249410537807,2.9858221836102885
1333.8983050847457,1.4208308325339223,2936.3451536738035,184.54249410537807,2.9858221836102885
1359.322033898305,1.4208308325339223,3000.8929697357366,184.54249410537807,2.9858221836102885
1384.7457627118642,1.4208308325339223,3065.440785797669,184.54249410537807,2.9858221836102885
1410.1694915254238,1.4208308325339223,3129.9886018596026,184.54249410537807,2.9858221836102885
1435.593220338983,1.4208308325339223,3194.536417921535,184.54249410537807,2.9858221836102885
1461.0169491525423,1.4208308325339223,3259.0842339834676,184.54249410537807,2.9858221836102885
1486.4406779661017,1.4208308325339223,3323.632050045401,184.54249410537807,2.9858221836102885
1511.864406779661,1.4208308325339223,3388.1798661073335,184.54249410537807,2.9858221836102885
1537.2881355932204,1.4208308325339223,3452.7276821692667,184.54249410537807,2.9858221836102885
1562.7118644067796,1.4208308325339223,3517.275498231199,184.54249410537807,2.9858221836102885
1588.135593220339,1.4208308325339223,3581.8233142931317,184.54249410537807,2.9858221836102885
1613.5593220338983,1.4208308325339223,3646.3711303550645,184.54249410537807,2.9858221836102885
1638.9830508474577,1.4208308325339223,3710.9189464169976,184.54249410537807,2.9858221836102885
1664.406779661017,1.4208308325339223,3775.466762478931,184.54249410537807,2.9858221836102885
1689.8305084745762,1.4208308325339223,3840.014578540863,184.54249410537807,2.9858221836102885
1715.2542372881355,1.4208308325339223,3904.5623946027963,184.54249410537807,2.9858221836102885
1740.677966101695,1.4208308325339223,3969.1102106647286,184.54249410537807,2.9858221836102885
1766.1016949152543,1.4208308325339223,4033.658026726662,184.54249410537807,2.9858221836102885
1791.5254237288136,1.4208308325339223,4098.205842788595,184.54249410537807,2.9858221836102885
1816.9491525423728,1.4208308325339223,4162.753658850527,184.54249410537807,2.9858221836102885
1842.3728813559321,1.4208308325339223,4227.30147491246,184.54249410537807,2.9858221836102885
1867.7966101694915,1.4208308325339223,4291.849290974393,184.54249410537807,2.9858221836102885
1893.2203389830509,1.4208308325339223,4356.397107036326,184.54249410537807,2.9858221836102885
1918.6440677966102,1.4208308325339223,4420.944923098259,184.54249410537807,2.9858221836102885
1944.0677966101696,1.4208308325339223,4485.492739160191,184.54249410537807,2.9858221836102885
1969.4915254237287,1.4208308325339223,4550.040555222124,184.54249410537807,2.9858221836102885
1994.915254237288,1.4208308325339223,4614.588371284057,184.54249410537807,2.9858221836102885
2020.3389830508474,1.4208308325339223,4679.13618734599,184.54249410537807,2.9858221836102885
2045.7627118644068,1.4208308325339223,4743.684003407923,184.54249410537807,2.9858221836102885
2071.186440677966,1.4208308325339223,4808.2318194698555,184.54249410537807,2.9858221836102885
2096.610169491525,1.4208308325339223,4872.779635531788,184.54249410537807,2.9858221836102885
2122.0338983050847,1.4208308325339223,4937.327451593721,184.54249410537807,2.9858221836102885
2147.4576271186443,1.4208308325339223,5001.875267655655,184.54249410537807,2.9858221836102885
2172.8813559322034,1.4208308325339223,5066.423083717587,184.54249410537807,2.9858221836102885
2198.3050847457625,1.4208308325339223,5130.97089977952,184.54249410537807,2.9858221836102885
2223.728813559322,1.4208308325339223,5195.518715841453,184.54249410537807,2.9858221836102885
2249.1525423728813,1.4208308325339223,5260.066531903385,184.54249410537807,2.9858221836102885
2274.576271186441,1.4208308325339223,5324.614347965318,184.54249410537807,2.9858221836102885
2300.0,1.4208308325339223,5389.1621640272515,184.54249410537807,2.9858221836102885
800.0,1.5973122800602544,1579.3177547202195,209.92039247916654,2.9578040506676286
825.4237288135594,1.5973122800602544,1643.8655707821526,209.92039247916654,2.9578040506676286
850.8474576271186,1.5973122800602544,1708.413386844085,209.92039247916654,2.9578040506676286
876.271186440678,1.5973122800602544,1772.9612029060181,209.92039247916654,2.9578040506676286
901.6949152542372,1.5973122800602544,1837.5090189679509,209.92039247916654,2.9578040506676286
927.1186440677966,1.5973122800602544,1902.0568350298836,209.92039247916654,2.9578040506676286
952.542372881356,1.5973122800602544,1966.6046510918163,209.92039247916654,2.9578040506676286
977.9661016949153,1.5973122800602544,2031.1524671537495,209.92039247916654,2.9578040506676286
1003.3898305084746,1.5973122800602544,2095.7002832156822,209.92039247916654,2.9578040506676286
1028.8135593220338,1.5973122800602544,2160.248099277615,209.92039247916654,2.9578040506676286
1054.2372881355932,1.5973122800602544,2224.7959153395477,209.92039247916654,2.9578040506676286
1079.6610169491526,1.5973122800602544,2289.3437314014805,209.92039247916654,2.9578040506676286
1105.084745762712,1.5973122800602544,2353.8915474634136,209.92039247916654,2.9578040506676286
1130.508474576271,1.5973122800602544,2418.439363525346,209.92039247916654,2.9578040506676286
1155.9322033898306,1.5973122800602544,2482.9871795872796,209.92039247916654,2.9578040506676286
1181.3559322033898,1.5973122800602544,2547.534995649212,209.92039247916654,2.9578040506676286
1206.7796610169491,1.5973122800602544,2612.0828117111446,209.92039247916654,2.9578040506676286
1232.2033898305085,1.5973122800602544,2676.630627773078,209.92039247916654,2.9578040506676286
1257.6271186440677,1.5973122800602544,2741.17844383501,209.92039247916654,2.9578040506676286
1283.0508474576272,1.5973122800602544,2805.7262598969437,209.92039247916654,2.9578040506676286
1308.4745762711864,1.5973122800602544,2870.274075958876,209.92039247916654,2.9578040506676286
1333.8983050847457,1.5973122800602544,2934.8218920208087,209.92039247916654,2.9578040506676286
1359.322033898305,1.5973122800602544,2999.369708082742,209.92039247916654,2.9578040506676286
1384.7457627118642,1.5973122800602544,3063.917524144674,209.92039247916654,2.9578040506676286
1410.1694915254238,1.5973122800602544,3128.465340206608,209.92039247916654,2.9578040506676286
1435.593220338983,1.5973122800602544,3193.01315626854,209.92039247916654,2.9578040506676286
1461.0169491525423,1.5973122800602544,3257.560972330473,209.92039247916654,2.9578040506676286
1486.4406779661017,1.5973122800602544,3322.108788392406,209.92039247916654,2.9578040506676286
1511.864406779661,1.5973122800602544,3386.656604454339,209.92039247916654,2.9578040506676286
1537.2881355932204,1.5973122800602544,3451.204420516272,209.92039247916654,2.9578040506676286
1562.7118644067796,1.5973122800602544,3515.7522365782042,209.92039247916654,2.9578040506676286
1588.135593220339,1.5973122800602544,3580.300052640137,209.92039247916654,2.9578040506676286
1613.5593220338983,1.5973122800602544,3644.8478687020697,209.92039247916654,2.9578040506676286
1638.9830508474577,1.5973122800602544,3709.395684764003,209.92039247916654,2.9578040506676286
1664.406779661017,1.5973122800602544,3773.943500825936,209.92039247916654,2.9578040506676286
1689.8305084745762,1.5973122800602544,3838.4913168878684,209.92039247916654,2.9578040506676286
1715.2542372881355,1.5973122800602544,3903.0391329498016,209.92039247916654,2.9578040506676286
1740.677966101695,1.5973122800602544,3967.586949011734,209.92039247916654,2.9578040506676286
1766.1016949152543,1.5973122800602544,4032.134765073667,209.92039247916654,2.9578040506676286
1791.5254237288136,1.5973122800602544,4096.6825811356,209.92039247916654,2.9578040506676286
1816.9491525423728,1.5973122800602544,4161.2303971975325,209.92039247916654,2.9578040506676286
1842.3728813559321,1.5973122800602544,4225.778213259466,209.92039247916654,2.9578040506676286
1867.7966101694915,1.5973122800602544,4290.326029321398,209.92039247916654,2.9578040506676286
1893.2203389830509,1.5973122800602544,4354.873845383331,209.92039247916654,2.9578040506676286
1918.6440677966102,1.5973122800602544,4419.421661445264,209.92039247916654,2.9578040506676286
1944.0677966101696,1.5973122800602544,4483.969477507197,209.92039247916654,2.9578040506676286
1969.4915254237287,1.5973122800602544,4548.517293569129,209.92039247916654,2.9578040506676286
1994.915254237288,1.5973122800602544,4613.065109631062,209.92039247916654,2.9578040506676286
2020.3389830508474,1.5973122800602544,4677.612925692995,209.92039247916654,2.9578040506676286
2045.7627118644068,1.5973122800602544,4742.1607417549285,209.92039247916654,2.9578040506676286
2071.186440677966,1.5973122800602544,4806.708557816861,209.92039247916654,2.9578040506676286
2096.610169491525,1.5973122800602544,4871.256373878793,209.92039247916654,2.9578040506676286
2122.0338983050847,1.5973122800602544,4935.804189940726,209.92039247916654,2.9578040506676286
2147.4576271186443,1.5973122800602544,5000.35200600266,209.92039247916654,2.9578040506676286
2172.8813559322034,1.5973122800602544,5064.899822064593,209.92039247916654,2.9578040506676286
2198.3050847457625,1.5973122800602544,5129.447638126525,209.92039247916654,2.9578040506676286
2223.728813559322,1.5973122800602544,5193.995454188458,209.92039247916654,2.9578040506676286
2249.1525423728813,1.5973122800602544,5258.54327025039,209.92039247916654,2.9578040506676286
2274.576271186441,1.5973122800602544,5323.091086312324,209.92039247916654,2.9578040506676286
2300.0,1.5973122800602544,5387.638902374257,209.92039247916654,2.9578040506676286
800.0,1.7957144943716399,1577.6052886838977,238.4504804997663,2.9268801790445136
825.4237288135594,1.7957144943716399,1642.153104745831,238.4504804997663,2.9268801790445136
850.8474576271186,1.7957144943716399,1706.7009208077632,238.4504804997663,2.9268801790445136
876.271186440678,1.7957144943716399,1771.2487368696964,238.4504804997663,2.9268801790445136
901.6949152542372,1.7957144943716399,1835.796552931629,238.4504804997663,2.9268801790445136
927.1186440677966,1.7957144943716399,1900.3443689935618,238.4504804997663,2.9268801790445136
952.542372881356,1.7957144943716399,1964.8921850554946,238.4504804997663,2.9268801790445136
977.9661016949153,1.7957144943716399,2029.4400011174278,238.4504804997663,2.9268801790445136
1003.3898305084746,1.7957144943716399,2093.9878171793607,238.4504804997663,2.9268801790445136
1028.8135593220338,1.7957144943716399,2158.535633241293,238.4504804997663,2.9268801790445136
1054.2372881355932,1.7957144943716399,2223.083449303226,238.4504804997663,2.9268801790445136
1079.6610169491526,1.7957144943716399,2287.6312653651585,238.4504804997663,2.9268801790445136
1105.084745762712,1.7957144943716399,2352.1790814270917,238.4504804997663,2.9268801790445136
1130.508474576271,1.7957144943716399,2416.726897489024,238.4504804997663,2.9268801790445136
1155.9322033898306,1.7957144943716399,2481.274713550958,238.4504804997663,2.9268801790445136
1181.3559322033898,1.7957144943716399,2545.8225296128903,238.4504804997663,2.9268801790445136
1206.7796610169491,1.7957144943716399,2610.3703456748226,238.4504804997663,2.9268801790445136
1232.2033898305085,1.7957144943716399,2674.918161736756,238.4504804997663,2.9268801790445136
1257.6271186440677,1.7957144943716399,2739.465977798688,238.4504804997663,2.9268801790445136
1283.0508474576272,1.7957144943716399,2804.013793860622,238.4504804997663,2.9268801790445136
1308.4745762711864,1.7957144943716399,2868.5616099225545,238.4504804997663,2.9268801790445136
1333.8983050847457,1.7957144943716399,2933.1094259844867,238.4504804997663,2.9268801790445136
1359.322033898305,1.7957144943716399,2997.65724204642,238.4504804997663,2.9268801790445136
1384.7457627118642,1.7957144943716399,3062.205058108352,238.4504804997663,2.9268801790445136
1410.1694915254238,1.7957144943716399,3126.7528741702863,238.4504804997663,2.9268801790445136
1435.593220338983,1.7957144943716399,3191.3006902322186,238.4504804997663,2.9268801790445136
1461.0169491525423,1.7957144943716399,3255.848506294151,238.4504804997663,2.9268801790445136
1486.4406779661017,1.7957144943716399,3320.396322356084,238.4504804997663,2.9268801790445136
1511.864406779661,1.7957144943716399,3384.9441384180172,238.4504804997663,2.9268801790445136
1537.2881355932204,1.7957144943716399,3449.4919544799504,238.4504804997663,2.9268801790445136
1562.7118644067796,1.7957144943716399,3514.0397705418827,238.4504804997663,2.9268801790445136
1588.135593220339,1.7957144943716399,3578.587586603815,238.4504804997663,2.9268801790445136
1613.5593220338983,1.7957144943716399,3643.135402665748,238.4504804997663,2.9268801790445136
1638.9830508474577,1.7957144943716399,3707.6832187276814,238.4504804997663,2.9268801790445136
1664.406779661017,1.7957144943716399,3772.2310347896146,238.4504804997663,2.9268801790445136
1689.8305084745762,1.7957144943716399,3836.778850851547,238.4504804997663,2.9268801790445136
1715.2542372881355,1.7957144943716399,3901.32666691348,238.4504804997663,2.9268801790445136
1740.677966101695,1.7957144943716399,3965.8744829754123,238.4504804997663,2.9268801790445136
1766.1016949152543,1.7957144943716399,4030.4222990373455,238.4504804997663,2.9268801790445136
1791.5254237288136,1.7957144943716399,4094.9701150992787,238.4504804997663,2.9268801790445136
1816.9491525423728,1.7957144943716399,4159.517931161211,238.4504804997663,2.9268801790445136
1842.3728813559321,1.7957144943716399,4224.065747223144,238.4504804997663,2.9268801790445136
1867.7966101694915,1.7957144943716399,4288.613563285076,238.4504804997663,2.9268801790445136
1893.2203389830509,1.7957144943716399,4353.16137934701,238.4504804997663,2.9268801790445136
1918.6440677966102,1.7957144943716399,4417.709195408943,238.4504804997663,2.9268801790445136
1944.0677966101696,1.7957144943716399,4482.257011470875,238.4504804997663,2.9268801790445136
1969.4915254237287,1.7957144943716399,4546.804827532807,238.4504804997663,2.9268801790445136
1994.915254237288,1.7957144943716399,4611.352643594741,238.4504804997663,2.9268801790445136
2020.3389830508474,1.7957144943716399,4675.900459656674,238.4504804997663,2.9268801790445136
2045.7627118644068,1.7957144943716399,4740.448275718607,238.4504804997663,2.9268801790445136
2071.186440677966,1.7957144943716399,4804.996091780539,238.4504804997663,2.9268801790445136
2096.610169491525,1.7957144943716399,4869.5439078424715,238.4504804997663,2.9268801790445136
2122.0338983050847,1.7957144943716399,4934.091723904405,238.4504804997663,2.9268801790445136
2147.4576271186443,1.7957144943716399,4998.639539966339,238.4504804997663,2.9268801790445136
2172.8813559322034,1.7957144943716399,5063.187356028271,238.4504804997663,2.9268801790445136
2198.3050847457625,1.7957144943716399,5127.735172090203,238.4504804997663,2.9268801790445136
2223.728813559322,1.7957144943716399,5192.282988152137,238.4504804997663,2.9268801790445136
2249.1525423728813,1.7957144943716399,5256.830804214069,238.4504804997663,2.9268801790445136
2274.576271186441,1.7957144943716399,5321.378620276002,238.4504804997663,2.9268801790445136
2300.0,1.7957144943716399,5385.926436337935,238.4504804997663,2.9268801790445136
800.0,2.0187602546790386,1575.680117181162,270.5242917537294,2.8928203118728644
825.4237288135594,2.0187602546790386,1640.227933243095,270.5242917537294,2.8928203118728644
850.8474576271186,2.0187602546790386,1704.7757493050274,270.5242917537294,2.8928203118728644
876.271186440678,2.0187602546790386,1769.3235653669606,270.5242917537294,2.8928203118728644
901.6949152542372,2.0187602546790386,1833.8713814288933,270.5242917537294,2.8928203118728644
927.1186440677966,2.0187602546790386,1898.419197490826,270.5242917537294,2.8928203118728644
952.542372881356,2.0187602546790386,1962.9670135527588,270.5242917537294,2.8928203118728644
977.9661016949153,2.0187602546790386,2027.514829614692,270.5242917537294,2.8928203118728644
1003.3898305084746,2.0187602546790386,2092.0626456766245,270.5242917537294,2.8928203118728644
1028.8135593220338,2.0187602546790386,2156.610461738557,270.5242917537294,2.8928203118728644
1054.2372881355932,2.0187602546790386,2221.15827780049,270.5242917537294,2.8928203118728644
1079.6610169491526,2.0187602546790386,2285.7060938624227,270.5242917537294,2.8928203118728644
1105.084745762712,2.0187602546790386,2350.253909924356,270.5242917537294,2.8928203118728644
1130.508474576271,2.0187602546790386,2414.801725986288,270.5242917537294,2.8928203118728644
1155.9322033898306,2.0187602546790386,2479.349542048222,270.5242917537294,2.8928203118728644
1181.3559322033898,2.0187602546790386,2543.897358110154,270.5242917537294,2.8928203118728644
1206.7796610169491,2.0187602546790386,2608.445174172087,270.5242917537294,2.8928203118728644
1232.2033898305085,2.0187602546790386,2672.99299023402,270.5242917537294,2.8928203118728644
1257.6271186440677,2.0187602546790386,2737.5408062959523,270.5242917537294,2.8928203118728644
1283.0508474576272,2.0187602546790386,2802.088622357886,270.5242917537294,2.8928203118728644
1308.4745762711864,2.0187602546790386,2866.636438419818,270.5242917537294,2.8928203118728644
1333.8983050847457,2.0187602546790386,2931.184254481751,270.5242917537294,2.8928203118728644
1359.322033898305,2.0187602546790386,2995.732070543684,270.5242917537294,2.8928203118728644
1384.7457627118642,2.0187602546790386,3060.2798866056164,270.5242917537294,2.8928203118728644
1410.1694915254238,2.0187602546790386,3124.82770266755,270.5242917537294,2.8928203118728644
1435.593220338983,2.0187602546790386,3189.3755187294823,270.5242917537294,2.8928203118728644
1461.0169491525423,2.0187602546790386,3253.923334791415,270.5242917537294,2.8928203118728644
1486.4406779661017,2.0187602546790386,3318.4711508533483,270.5242917537294,2.8928203118728644
1511.864406779661,2.0187602546790386,3383.018966915281,270.5242917537294,2.8928203118728644
1537.2881355932204,2.0187602546790386,3447.566782977214,270.5242917537294,2.8928203118728644
1562.7118644067796,2.0187602546790386,3512.1145990391465,270.5242917537294,2.8928203118728644
1588.135593220339,2.0187602546790386,3576.662415101079,270.5242917537294,2.8928203118728644
1613.5593220338983,2.0187602546790386,3641.210231163012,270.5242917537294,2.8928203118728644
1638.9830508474577,2.0187602546790386,3705.758047224945,270.5242917537294,2.8928203118728644
1664.406779661017,2.0187602546790386,3770.3058632868783,270.5242917537294,2.8928203118728644
1689.8305084745762,2.0187602546790386,3834.8536793488106,270.5242917537294,2.8928203118728644
1715.2542372881355,2.0187602546790386,3899.401495410744,270.5242917537294,2.8928203118728644
1740.677966101695,2.0187602546790386,3963.949311472676,270.5242917537294,2.8928203118728644
1766.1016949152543,2.0187602546790386,4028.4971275346093,270.5242917537294,2.8928203118728644
1791.5254237288136,2.0187602546790386,4093.0449435965425,270.5242917537294,2.8928203118728644
1816.9491525423728,2.0187602546790386,4157.592759658475,270.5242917537294,2.8928203118728644
1842.3728813559321,2.0187602546790386,4222.140575720408,270.5242917537294,2.8928203118728644
1867.7966101694915,2.0187602546790386,4286.688391782341,270.5242917537294,2.8928203118728644
1893.2203389830509,2.0187602546790386,4351.236207844274,270.5242917537294,2.8928203118728644
1918.6440677966102,2.0187602546790386,4415.784023906207,270.5242917537294,2.8928203118728644
1944.0677966101696,2.0187602546790386,4480.331839968139,270.5242917537294,2.8928203118728644
1969.4915254237287,2.0187602546790386,4544.879656030072,270.5242917537294,2.8928203118728644
1994.915254237288,2.0187602546790386,4609.427472092005,270.5242917537294,2.8928203118728644
2020.3389830508474,2.0187602546790386,4673.975288153938,270.5242917537294,2.8928203118728644
2045.7627118644068,2.0187602546790386,4738.523104215871,270.5242917537294,2.8928203118728644
2071.186440677966,2.0187602546790386,4803.070920277803,270.5242917537294,2.8928203118728644
2096.610169491525,2.0187602546790386,4867.618736339736,270.5242917537294,2.8928203118728644
2122.0338983050847,2.0187602546790386,4932.166552401669,270.5242917537294,2.8928203118728644
2147.4576271186443,2.0187602546790386,4996.714368463603,270.5242917537294,2.8928203118728644
2172.8813559322034,2.0187602546790386,5061.262184525535,270.5242917537294,2.8928203118728644
2198.3050847457625,2.0187602546790386,5125.810000587468,270.5242917537294,2.8928203118728644
2223.728813559322,2.0187602546790386,5190.357816649401,270.5242917537294,2.8928203118728644
2249.1525423728813,2.0187602546790386,5254.905632711333,270.5242917537294,2.8928203118728644
2274.576271186441,2.0187602546790386,5319.453448773266,270.5242917537294,2.8928203118728644
2300.0,2.0187602546790386,5384.001264835199,270.5242917537294,2.8928203118728644
800.0,2.269510536694669,1573.5158200585706,306.5819922281223,2.8553924751184003
825.4237288135594,2.269510536694669,1638.0636361205038,306.5819922281223,2.8553924751184003
850.8474576271186,2.269510536694669,1702.611452182436,306.5819922281223,2.8553924751184003
876.271186440678,2.269510536694669,1767.1592682443693,306.5819922281223,2.8553924751184003
901.6949152542372,2.269510536694669,1831.707084306302,306.5819922281223,2.8553924751184003
927.1186440677966,2.269510536694669,1896.2549003682348,306.5819922281223,2.8553924751184003
952.542372881356,2.269510536694669,1960.8027164301675,306.5819922281223,2.8553924751184003
977.9661016949153,2.269510536694669,2025.3505324921007,306.5819922281223,2.8553924751184003
1003.3898305084746,2.269510536694669,2089.8983485540334,306.5819922281223,2.8553924751184003
1028.8135593220338,2.269510536694669,2154.446164615966,306.5819922281223,2.8553924751184003
1054.2372881355932,2.269510536694669,2218.993980677899,306.5819922281223,2.8553924751184003
1079.6610169491526,2.269510536694669,2283.5417967398316,306.5819922281223,2.8553924751184003
1105.084745762712,2.269510536694669,2348.089612801765,306.5819922281223,2.8553924751184003
1130.508474576271,2.269510536694669,2412.637428863697,306.5819922281223,2.8553924751184003
1155.9322033898306,2.269510536694669,2477.1852449256307,306.5819922281223,2.8553924751184003
1181.3559322033898,2.269510536694669,2541.733060987563,306.5819922281223,2.8553924751184003
1206.7796610169491,2.269510536694669,2606.2808770494958,306.5819922281223,2.8553924751184003
1232.2033898305085,2.269510536694669,2670.828693111429,306.5819922281223,2.8553924751184003
1257.6271186440677,2.269510536694669,2735.3765091733612,306.5819922281223,2.8553924751184003
1283.0508474576272,2.269510536694669,2799.924325235295,306.5819922281223,2.8553924751184003
1308.4745762711864,2.269510536694669,2864.472141297227,306.5819922281223,2.8553924751184003
1333.8983050847457,2.269510536694669,2929.01995735916,306.5819922281223,2.8553924751184003
1359.322033898305,2.269510536694669,2993.567773421093,306.5819922281223,2.8553924751184003
1384.7457627118642,2.269510536694669,3058.1155894830254,306.5819922281223,2.8553924751184003
1410.1694915254238,2.269510536694669,3122.663405544959,306.5819922281223,2.8553924751184003
1435.593220338983,2.269510536694669,3187.2112216068913,306.5819922281223,2.8553924751184003
1461.0169491525423,2.269510536694669,3251.759037668824,306.5819922281223,2.8553924751184003
1486.4406779661017,2.269510536694669,3316.306853730757,306.5819922281223,2.8553924751184003
1511.864406779661,2.269510536694669,3380.85466979269,306.5819922281223,2.8553924751184003
1537.2881355932204,2.269510536694669,3445.402485854623,306.5819922281223,2.8553924751184003
1562.7118644067796,2.269510536694669,3509.9503019165554,306.5819922281223,2.8553924751184003
1588.135593220339,2.269510536694669,3574.498117978488,306.5819922281223,2.8553924751184003
1613.5593220338983,2.269510536694669,3639.045934040421,306.5819922281223,2.8553924751184003
1638.9830508474577,2.269510536694669,3703.593750102354,306.5819922281223,2.8553924751184003
1664.406779661017,2.269510536694669,3768.1415661642873,306.5819922281223,2.8553924751184003
1689.8305084745762,2.269510536694669,3832.6893822262195,306.5819922281223,2.8553924751184003
1715.2542372881355,2.269510536694669,3897.2371982881527,306.5819922281223,2.8553924751184003
1740.677966101695,2.269510536694669,3961.785014350085,306.5819922281223,2.8553924751184003
1766.1016949152543,2.269510536694669,4026.332830412018,306.5819922281223,2.8553924751184003
1791.5254237288136,2.269510536694669,4090.8806464739514,306.5819922281223,2.8553924751184003
1816.9491525423728,2.269510536694669,4155.428462535883,306.5819922281223,2.8553924751184003
1842.3728813559321,2.269510536694669,4219.976278597816,306.5819922281223,2.8553924751184003
1867.7966101694915,2.269510536694669,4284.524094659749,306.5819922281223,2.8553924751184003
1893.2203389830509,2.269510536694669,4349.071910721682,306.5819922281223,2.8553924751184003
1918.6440677966102,2.269510536694669,4413.619726783615,306.5819922281223,2.8553924751184003
1944.0677966101696,2.269510536694669,4478.167542845547,306.5819922281223,2.8553924751184003
1969.4915254237287,2.269510536694669,4542.71535890748,306.5819922281223,2.8553924751184003
1994.915254237288,2.269510536694669,4607.263174969413,306.5819922281223,2.8553924751184003
2020.3389830508474,2.269510536694669,4671.810991031346,306.5819922281223,2.8553924751184003
2045.7627118644068,2.269510536694669,4736.358807093279,306.5819922281223,2.8553924751184003
2071.186440677966,2.269510536694669,4800.9066231552115,306.5819922281223,2.8553924751184003
2096.610169491525,2.269510536694669,4865.454439217144,306.5819922281223,2.8553924751184003
2122.0338983050847,2.269510536694669,4930.002255279077,306.5819922281223,2.8553924751184003
2147.4576271186443,2.269510536694669,4994.550071341011,306.5819922281223,2.8553924751184003
2172.8813559322034,2.269510536694669,5059.097887402943,306.5819922281223,2.8553924751184003
2198.3050847457625,2.269510536694669,5123.645703464876,306.5819922281223,2.8553924751184003
2223.728813559322,2.269510536694669,5188.193519526809,306.5819922281223,2.8553924751184003
2249.1525423728813,2.269510536694669,5252.741335588741,306.5819922281223,2.8553924751184003
2274.576271186441,2.269510536694669,5317.289151650674,306.5819922281223,2.8553924751184003
2300.0,2.269510536694669,5381.8369677126075,306.5819922281223,2.8553924751184003
800.0,2.5514065200312888,1571.0826955144976,347.1184209426974,2.8143672759687632
825.4237288135594,2.5514065200312888,1635.6305115764308,347.1184209426974,2.8143672759687632
850.8474576271186,2.5514065200312888,1700.178327638363,347.1184209426974,2.8143672759687632
876.271186440678,2.5514065200312888,1764.7261437002962,347.1184209426974,2.8143672759687632
901.6949152542372,2.5514065200312888,1829.273959762229,347.1184209426974,2.8143672759687632
927.1186440677966,2.5514065200312888,1893.8217758241617,347.1184209426974,2.8143672759687632
952.542372881356,2.5514065200312888,1958.3695918860944,347.1184209426974,2.8143672759687632
977.9661016949153,2.5514065200312888,2022.9174079480276,347.1184209426974,2.8143672759687632
1003.3898305084746,2.5514065200312888,2087.4652240099604,347.1184209426974,2.8143672759687632
1028.8135593220338,2.5514065200312888,2152.013040071893,347.1184209426974,2.8143672759687632
1054.2372881355932,2.5514065200312888,2216.560856133826,347.1184209426974,2.8143672759687632
1079.6610169491526,2.5514065200312888,2281.1086721957586,347.1184209426974,2.8143672759687632
1105.084745762712,2.5514065200312888,2345.6564882576918,347.1184209426974,2.8143672759687632
1130.508474576271,2.5514065200312888,2410.204304319624,347.1184209426974,2.8143672759687632
1155.9322033898306,2.5514065200312888,2474.7521203815577,347.1184209426974,2.8143672759687632
1181.3559322033898,2.5514065200312888,2539.29993644349,347.1184209426974,2.8143672759687632
1206.7796610169491,2.5514065200312888,2603.8477525054227,347.1184209426974,2.8143672759687632
1232.2033898305085,2.5514065200312888,2668.395568567356,347.1184209426974,2.8143672759687632
1257.6271186440677,2.5514065200312888,2732.943384629288,347.1184209426974,2.8143672759687632
1283.0508474576272,2.5514065200312888,2797.491200691222,347.1184209426974,2.8143672759687632
1308.4745762711864,2.5514065200312888,2862.039016753154,347.1184209426974,2.8143672759687632
1333.8983050847457,2.5514065200312888,2926.586832815087,347.1184209426974,2.8143672759687632
1359.322033898305,2.5514065200312888,2991.13464887702,347.1184209426974,2.8143672759687632
1384.7457627118642,2.5514065200312888,3055.6824649389523,347.1184209426974,2.8143672759687632
1410.1694915254238,2.5514065200312888,3120.230281000886,347.1184209426974,2.8143672759687632
1435.593220338983,2.5514065200312888,3184.7780970628182,347.1184209426974,2.8143672759687632
1461.0169491525423,2.5514065200312888,3249.325913124751,347.1184209426974,2.8143672759687632
1486.4406779661017,2.5514065200312888,3313.873729186684,347.1184209426974,2.8143672759687632
1511.864406779661,2.5514065200312888,3378.421545248617,347.1184209426974,2.8143672759687632
1537.2881355932204,2.5514065200312888,3442.96936131055,347.1184209426974,2.8143672759687632
1562.7118644067796,2.5514065200312888,3507.5171773724824,347.1184209426974,2.8143672759687632
1588.135593220339,2.5514065200312888,3572.064993434415,347.1184209426974,2.8143672759687632
1613.5593220338983,2.5514065200312888,3636.612809496348,347.1184209426974,2.8143672759687632
1638.9830508474577,2.5514065200312888,3701.160625558281,347.1184209426974,2.8143672759687632
1664.406779661017,2.5514065200312888,3765.708441620214,347.1184209426974,2.8143672759687632
1689.8305084745762,2.5514065200312888,3830.2562576821465,347.1184209426974,2.8143672759687632
1715.2542372881355,2.5514065200312888,3894.8040737440797,347.1184209426974,2.8143672759687632
1740.677966101695,2.5514065200312888,3959.351889806012,347.1184209426974,2.8143672759687632
1766.1016949152543,2.5514065200312888,4023.899705867945,347.1184209426974,2.8143672759687632
1791.5254237288136,2.5514065200312888,4088.4475219298783,347.1184209426974,2.8143672759687632
1816.9491525423728,2.5514065200312888,4152.995337991811,347.1184209426974,2.8143672759687632
1842.3728813559321,2.5514065200312888,4217.543154053744,347.1184209426974,2.8143672759687632
1867.7966101694915,2.5514065200312888,4282.090970115676,347.1184209426974,2.8143672759687632
1893.2203389830509,2.5514065200312888,4346.638786177609,347.1184209426974,2.8143672759687632
1918.6440677966102,2.5514065200312888,4411.1866022395425,347.1184209426974,2.8143672759687632
1944.0677966101696,2.5514065200312888,4475.734418301475,347.1184209426974,2.8143672759687632
1969.4915254237287,2.5514065200312888,4540.282234363407,347.1184209426974,2.8143672759687632
1994.915254237288,2.5514065200312888,4604.83005042534,347.1184209426974,2.8143672759687632
2020.3389830508474,2.5514065200312888,4669.377866487273,347.1184209426974,2.8143672759687632
2045.7627118644068,2.5514065200312888,4733.925682549207,347.1184209426974,2.8143672759687632
2071.186440677966,2.5514065200312888,4798.473498611139,347.1184209426974,2.8143672759687632
2096.610169491525,2.5514065200312888,4863.021314673071,347.1184209426974,2.8143672759687632
2122.0338983050847,2.5514065200312888,4927.569130735004,347.1184209426974,2.8143672759687632
2147.4576271186443,2.5514065200312888,4992.1169467969385,347.1184209426974,2.8143672759687632
2172.8813559322034,2.5514065200312888,5056.664762858871,347.1184209426974,2.8143672759687632
2198.3050847457625,2.5514065200312888,5121.212578920803,347.1184209426974,2.8143672759687632
2223.728813559322,2.5514065200312888,5185.760394982736,347.1184209426974,2.8143672759687632
2249.1525423728813,2.5514065200312888,5250.3082110446685,347.1184209426974,2.8143672759687632
2274.576271186441,2.5514065200312888,5314.856027106602,347.1184209426974,2.8143672759687632
2300.0,2.5514065200312888,5379.403843168535,347.1184209426974,2.8143672759687632
800.0,2.868316813342011,1568.3473524854946,392.689880889201,2.7695231373265057
825.4237288135594,2.868316813342011,1632.8951685474278,392.689880889201,2.7695231373265057
850.8474576271186,2.868316813342011,1697.44298460936,392.689880889201,2.7695231373265057
876.271186440678,2.868316813342011,1761.9908006712933,392.689880889201,2.7695231373265057
901.6949152542372,2.868316813342011,1826.538616733226,392.689880889201,2.7695231373265057
927.1186440677966,2.868316813342011,1891.0864327951588,392.689880889201,2.7695231373265057
952.542372881356,2.868316813342011,1955.6342488570915,392.689880889201,2.7695231373265057
977.9661016949153,2.868316813342011,2020.1820649190247,392.689880889201,2.7695231373265057
1003.3898305084746,2.868316813342011,2084.729880980957,392.689880889201,2.7695231373265057
1028.8135593220338,2.868316813342011,2149.27769704289,392.689880889201,2.7695231373265057
1054.2372881355932,2.868316813342011,2213.8255131048227,392.689880889201,2.7695231373265057
1079.6610169491526,2.868316813342011,2278.3733291667554,392.689880889201,2.7695231373265057
1105.084745762712,2.868316813342011,2342.9211452286886,392.689880889201,2.7695231373265057
1130.508474576271,2.868316813342011,2407.468961290621,392.689880889201,2.7695231373265057
1155.9322033898306,2.868316813342011,2472.0167773525545,392.689880889201,2.7695231373265057
1181.3559322033898,2.868316813342011,2536.564593414487,392.689880889201,2.7695231373265057
1206.7796610169491,2.868316813342011,2601.1124094764195,392.689880889201,2.7695231373265057
1232.2033898305085,2.868316813342011,2665.6602255383527,392.689880889201,2.7695231373265057
1257.6271186440677,2.868316813342011,2730.208041600285,392.689880889201,2.7695231373265057
1283.0508474576272,2.868316813342011,2794.7558576622187,392.689880889201,2.7695231373265057
1308.4745762711864,2.868316813342011,2859.303673724151,392.689880889201,2.7695231373265057
1333.8983050847457,2.868316813342011,2923.8514897860837,392.689880889201,2.7695231373265057
1359.322033898305,2.868316813342011,2988.399305848017,392.689880889201,2.7695231373265057
1384.7457627118642,2.868316813342011,3052.947121909949,392.689880889201,2.7695231373265057
1410.1694915254238,2.868316813342011,3117.494937971883,392.689880889201,2.7695231373265057
1435.593220338983,2.868316813342011,3182.042754033815,392.689880889201,2.7695231373265057
1461.0169491525423,2.868316813342011,3246.590570095748,392.689880889201,2.7695231373265057
1486.4406779661017,2.868316813342011,3311.138386157681,392.689880889201,2.7695231373265057
1511.864406779661,2.868316813342011,3375.6862022196137,392.689880889201,2.7695231373265057
1537.2881355932204,2.868316813342011,3440.234018281547,392.689880889201,2.7695231373265057
1562.7118644067796,2.868316813342011,3504.781834343479,392.689880889201,2.7695231373265057
1588.135593220339,2.868316813342011,3569.329650405412,392.689880889201,2.7695231373265057
1613.5593220338983,2.868316813342011,3633.8774664673447,392.689880889201,2.7695231373265057
1638.9830508474577,2.868316813342011,3698.425282529278,392.689880889201,2.7695231373265057
1664.406779661017,2.868316813342011,3762.973098591211,392.689880889201,2.7695231373265057
1689.8305084745762,2.868316813342011,3827.5209146531433,392.689880889201,2.7695231373265057
1715.2542372881355,2.868316813342011,3892.0687307150765,392.689880889201,2.7695231373265057
1740.677966101695,2.868316813342011,3956.616546777009,392.689880889201,2.7695231373265057
1766.1016949152543,2.868316813342011,4021.164362838942,392.689880889201,2.7695231373265057
1791.5254237288136,2.868316813342011,4085.712178900875,392.689880889201,2.7695231373265057
1816.9491525423728,2.868316813342011,4150.2599949628075,392.689880889201,2.7695231373265057
1842.3728813559321,2.868316813342011,4214.807811024741,392.689880889201,2.7695231373265057
1867.7966101694915,2.868316813342011,4279.355627086673,392.689880889201,2.7695231373265057
1893.2203389830509,2.868316813342011,4343.903443148606,392.689880889201,2.7695231373265057
1918.6440677966102,2.868316813342011,4408.451259210539,392.689880889201,2.7695231373265057
1944.0677966101696,2.868316813342011,4472.999075272472,392.689880889201,2.7695231373265057
1969.4915254237287,2.868316813342011,4537.546891334404,392.689880889201,2.7695231373265057
1994.915254237288,2.868316813342011,4602.094707396337,392.689880889201,2.7695231373265057
2020.3389830508474,2.868316813342011,4666.64252345827,392.689880889201,2.7695231373265057
2045.7627118644068,2.868316813342011,4731.190339520203,392.689880889201,2.7695231373265057
2071.186440677966,2.868316813342011,4795.738155582136,392.689880889201,2.7695231373265057
2096.610169491525,2.868316813342011,4860.285971644068,392.689880889201,2.7695231373265057
2122.0338983050847,2.868316813342011,4924.833787706001,392.689880889201,2.7695231373265057
2147.4576271186443,2.868316813342011,4989.381603767935,392.689880889201,2.7695231373265057
2172.8813559322034,2.868316813342011,5053.929419829868,392.689880889201,2.7695231373265057
2198.3050847457625,2.868316813342011,5118.4772358918,392.689880889201,2.7695231373265057
2223.728813559322,2.868316813342011,5183.025051953733,392.689880889201,2.7695231373265057
2249.1525423728813,2.868316813342011,5247.572868015665,392.689880889201,2.7695231373265057
2274.576271186441,2.868316813342011,5312.1206840775985,392.689880889201,2.7695231373265057
2300.0,2.868316813342011,5376.668500139532,392.689880889201,2.7695231373265057
800.0,3.2245905452963948,1565.2722524029527,443.92177347349127,2.7206524930328255
825.4237288135594,3.2245905452963948,1629.820068464886,443.92177347349127,2.7206524930328255
850.8474576271186,3.2245905452963948,1694.3678845268182,443.92177347349127,2.7206524930328255
876.271186440678,3.2245905452963948,1758.9157005887514,443.92177347349127,2.7206524930328255
901.6949152542372,3.2245905452963948,1823.4635166506841,443.92177347349127,2.7206524930328255
927.1186440677966,3.2245905452963948,1888.0113327126169,443.92177347349127,2.7206524930328255
952.542372881356,3.2245905452963948,1952.5591487745496,443.92177347349127,2.7206524930328255
977.9661016949153,3.2245905452963948,2017.1069648364828,443.92177347349127,2.7206524930328255
1003.3898305084746,3.2245905452963948,2081.6547808984155,443.92177347349127,2.7206524930328255
1028.8135593220338,3.2245905452963948,2146.2025969603483,443.92177347349127,2.7206524930328255
1054.2372881355932,3.2245905452963948,2210.750413022281,443.92177347349127,2.7206524930328255
1079.6610169491526,3.2245905452963948,2275.2982290842137,443.92177347349127,2.7206524930328255
1105.084745762712,3.2245905452963948,2339.846045146147,443.92177347349127,2.7206524930328255
1130.508474576271,3.2245905452963948,2404.393861208079,443.92177347349127,2.7206524930328255
1155.9322033898306,3.2245905452963948,2468.941677270013,443.92177347349127,2.7206524930328255
1181.3559322033898,3.2245905452963948,2533.489493331945,443.92177347349127,2.7206524930328255
1206.7796610169491,3.2245905452963948,2598.037309393878,443.92177347349127,2.7206524930328255
1232.2033898305085,3.2245905452963948,2662.585125455811,443.92177347349127,2.7206524930328255
1257.6271186440677,3.2245905452963948,2727.1329415177433,443.92177347349127,2.7206524930328255
1283.0508474576272,3.2245905452963948,2791.680757579677,443.92177347349127,2.7206524930328255
1308.4745762711864,3.2245905452963948,2856.2285736416093,443.92177347349127,2.7206524930328255
1333.8983050847457,3.2245905452963948,2920.776389703542,443.92177347349127,2.7206524930328255
1359.322033898305,3.2245905452963948,2985.324205765475,443.92177347349127,2.7206524930328255
1384.7457627118642,3.2245905452963948,3049.8720218274075,443.92177347349127,2.7206524930328255
1410.1694915254238,3.2245905452963948,3114.419837889341,443.92177347349127,2.7206524930328255
1435.593220338983,3.2245905452963948,3178.9676539512734,443.92177347349127,2.7206524930328255
1461.0169491525423,3.2245905452963948,3243.515470013206,443.92177347349127,2.7206524930328255
1486.4406779661017,3.2245905452963948,3308.0632860751393,443.92177347349127,2.7206524930328255
1511.864406779661,3.2245905452963948,3372.611102137072,443.92177347349127,2.7206524930328255
1537.2881355932204,3.2245905452963948,3437.1589181990053,443.92177347349127,2.7206524930328255
1562.7118644067796,3.2245905452963948,3501.7067342609375,443.92177347349127,2.7206524930328255
1588.135593220339,3.2245905452963948,3566.2545503228703,443.92177347349127,2.7206524930328255
1613.5593220338983,3.2245905452963948,3630.802366384803,443.92177347349127,2.7206524930328255
1638.9830508474577,3.2245905452963948,3695.350182446736,443.92177347349127,2.7206524930328255
1664.406779661017,3.2245905452963948,3759.8979985086694,443.92177347349127,2.7206524930328255
1689.8305084745762,3.2245905452963948,3824.4458145706017,443.92177347349127,2.7206524930328255
1715.2542372881355,3.2245905452963948,3888.993630632535,443.92177347349127,2.7206524930328255
1740.677966101695,3.2245905452963948,3953.541446694467,443.92177347349127,2.7206524930328255
1766.1016949152543,3.2245905452963948,4018.0892627564003,443.92177347349127,2.7206524930328255
1791.5254237288136,3.2245905452963948,4082.6370788183335,443.92177347349127,2.7206524930328255
1816.9491525423728,3.2245905452963948,4147.184894880265,443.92177347349127,2.7206524930328255
1842.3728813559321,3.2245905452963948,4211.7327109421985,443.92177347349127,2.7206524930328255
1867.7966101694915,3.2245905452963948,4276.280527004131,443.92177347349127,2.7206524930328255
1893.2203389830509,3.2245905452963948,4340.828343066064,443.92177347349127,2.7206524930328255
1918.6440677966102,3.2245905452963948,4405.376159127997,443.92177347349127,2.7206524930328255
1944.0677966101696,3.2245905452963948,4469.9239751899295,443.92177347349127,2.7206524930328255
1969.4915254237287,3.2245905452963948,4534.471791251862,443.92177347349127,2.7206524930328255
1994.915254237288,3.2245905452963948,4599.019607313795,443.92177347349127,2.7206524930328255
2020.3389830508474,3.2245905452963948,4663.567423375728,443.92177347349127,2.7206524930328255
2045.7627118644068,3.2245905452963948,4728.115239437661,443.92177347349127,2.7206524930328255
2071.186440677966,3.2245905452963948,4792.663055499594,443.92177347349127,2.7206524930328255
2096.610169491525,3.2245905452963948,4857.210871561526,443.92177347349127,2.7206524930328255
2122.0338983050847,3.2245905452963948,4921.758687623459,443.92177347349127,2.7206524930328255
2147.4576271186443,3.2245905452963948,4986.306503685393,443.92177347349127,2.7206524930328255
2172.8813559322034,3.2245905452963948,5050.8543197473255,443.92177347349127,2.7206524930328255
2198.3050847457625,3.2245905452963948,5115.402135809258,443.92177347349127,2.7206524930328255
2223.728813559322,3.2245905452963948,5179.949951871191,443.92177347349127,2.7206524930328255
2249.1525423728813,3.2245905452963948,5244.497767933123,443.92177347349127,2.7206524930328255
2274.576271186441,3.2245905452963948,5309.045583995056,443.92177347349127,2.7206524930328255
2300.0,3.2245905452963948,5373.59340005699,443.92177347349127,2.7206524930328255
800.0,3.6251170499885332,1561.8151940313385,501.5171812319736,2.6675689174568546
825.4237288135594,3.6251170499885332,1626.3630100932717,501.5171812319736,2.6675689174568546
850.8474576271186,3.6251170499885332,1690.910826155204,501.5171812319736,2.6675689174568546
876.271186440678,3.6251170499885332,1755.4586422171371,501.5171812319736,2.6675689174568546
901.6949152542372,3.6251170499885332,1820.0064582790699,501.5171812319736,2.6675689174568546
927.1186440677966,3.6251170499885332,1884.5542743410026,501.5171812319736,2.6675689174568546
952.542372881356,3.6251170499885332,1949.1020904029353,501.5171812319736,2.6675689174568546
977.9661016949153,3.6251170499885332,2013.6499064648685,501.5171812319736,2.6675689174568546
1003.3898305084746,3.6251170499885332,2078.197722526801,501.5171812319736,2.6675689174568546
1028.8135593220338,3.6251170499885332,2142.745538588734,501.5171812319736,2.6675689174568546
1054.2372881355932,3.6251170499885332,2207.2933546506665,501.5171812319736,2.6675689174568546
1079.6610169491526,3.6251170499885332,2271.8411707125993,501.5171812319736,2.6675689174568546
1105.084745762712,3.6251170499885332,2336.3889867745324,501.5171812319736,2.6675689174568546
1130.508474576271,3.6251170499885332,2400.9368028364647,501.5171812319736,2.6675689174568546
1155.9322033898306,3.6251170499885332,2465.4846188983984,501.5171812319736,2.6675689174568546
1181.3559322033898,3.6251170499885332,2530.0324349603306,501.5171812319736,2.6675689174568546
1206.7796610169491,3.6251170499885332,2594.5802510222634,501.5171812319736,2.6675689174568546
1232.2033898305085,3.6251170499885332,2659.1280670841966,501.5171812319736,2.6675689174568546
1257.6271186440677,3.6251170499885332,2723.675883146129,501.5171812319736,2.6675689174568546
1283.0508474576272,3.6251170499885332,2788.2236992080625,501.5171812319736,2.6675689174568546
1308.4745762711864,3.6251170499885332,2852.771515269995,501.5171812319736,2.6675689174568546
1333.8983050847457,3.6251170499885332,2917.3193313319275,501.5171812319736,2.6675689174568546
1359.322033898305,3.6251170499885332,2981.8671473938607,501.5171812319736,2.6675689174568546
1384.7457627118642,3.6251170499885332,3046.414963455793,501.5171812319736,2.6675689174568546
1410.1694915254238,3.6251170499885332,3110.9627795177266,501.5171812319736,2.6675689174568546
1435.593220338983,3.6251170499885332,3175.510595579659,501.5171812319736,2.6675689174568546
1461.0169491525423,3.6251170499885332,3240.0584116415916,501.5171812319736,2.6675689174568546
1486.4406779661017,3.6251170499885332,3304.606227703525,501.5171812319736,2.6675689174568546
1511.864406779661,3.6251170499885332,3369.1540437654576,501.5171812319736,2.6675689174568546
1537.2881355932204,3.6251170499885332,3433.7018598273908,501.5171812319736,2.6675689174568546
1562.7118644067796,3.6251170499885332,3498.249675889323,501.5171812319736,2.6675689174568546
1588.135593220339,3.6251170499885332,3562.797491951256,501.5171812319736,2.6675689174568546
1613.5593220338983,3.6251170499885332,3627.3453080131885,501.5171812319736,2.6675689174568546
1638.9830508474577,3.6251170499885332,3691.8931240751217,501.5171812319736,2.6675689174568546
1664.406779661017,3.6251170499885332,3756.440940137055,501.5171812319736,2.6675689174568546
1689.8305084745762,3.6251170499885332,3820.988756198987,501.5171812319736,2.6675689174568546
1715.2542372881355,3.6251170499885332,3885.5365722609204,501.5171812319736,2.6675689174568546
1740.677966101695,3.6251170499885332,3950.0843883228526,501.5171812319736,2.6675689174568546
1766.1016949152543,3.6251170499885332,4014.632204384786,501.5171812319736,2.6675689174568546
1791.5254237288136,3.6251170499885332,4079.180020446719,501.5171812319736,2.6675689174568546
1816.9491525423728,3.6251170499885332,4143.727836508651,501.5171812319736,2.6675689174568546
1842.3728813559321,3.6251170499885332,4208.2756525705845,501.5171812319736,2.6675689174568546
1867.7966101694915,3.6251170499885332,4272.823468632517,501.5171812319736,2.6675689174568546
1893.2203389830509,3.6251170499885332,4337.37128469445,501.5171812319736,2.6675689174568546
1918.6440677966102,3.6251170499885332,4401.919100756383,501.5171812319736,2.6675689174568546
1944.0677966101696,3.6251170499885332,4466.466916818315,501.5171812319736,2.6675689174568546
1969.4915254237287,3.6251170499885332,4531.014732880248,501.5171812319736,2.6675689174568546
1994.915254237288,3.6251170499885332,4595.562548942181,501.5171812319736,2.6675689174568546
2020.3389830508474,3.6251170499885332,4660.110365004114,501.5171812319736,2.6675689174568546
2045.7627118644068,3.6251170499885332,4724.658181066047,501.5171812319736,2.6675689174568546
2071.186440677966,3.6251170499885332,4789.20599712798,501.5171812319736,2.6675689174568546
2096.610169491525,3.6251170499885332,4853.753813189912,501.5171812319736,2.6675689174568546
2122.0338983050847,3.6251170499885332,4918.301629251845,501.5171812319736,2.6675689174568546
2147.4576271186443,3.6251170499885332,4982.849445313779,501.5171812319736,2.6675689174568546
2172.8813559322034,3.6251170499885332,5047.397261375711,501.5171812319736,2.6675689174568546
2198.3050847457625,3.6251170499885332,5111.945077437644,501.5171812319736,2.6675689174568546
2223.728813559322,3.6251170499885332,5176.492893499577,501.5171812319736,2.6675689174568546
2249.1525423728813,3.6251170499885332,5241.040709561509,501.5171812319736,2.6675689174568546
2274.576271186441,3.6251170499885332,5305.588525623442,501.5171812319736,2.6675689174568546
2300.0,3.6251170499885332,5370.136341685376,501.5171812319736,2.6675689174568546
800.0,4.075392965871777,1557.9287343181745,566.2665166075498,2.6101150961333586
825.4237288135594,4.075392965871777,1622.4765503801077,566.2665166075498,2.6101150961333586
850.8474576271186,4.075392965871777,1687.02436644204,566.2665166075498,2.6101150961333586
876.271186440678,4.075392965871777,1751.5721825039732,566.2665166075498,2.6101150961333586
901.6949152542372,4.075392965871777,1816.119998565906,566.2665166075498,2.6101150961333586
927.1186440677966,4.075392965871777,1880.6678146278387,566.2665166075498,2.6101150961333586
952.542372881356,4.075392965871777,1945.2156306897714,566.2665166075498,2.6101150961333586
977.9661016949153,4.075392965871777,2009.7634467517046,566.2665166075498,2.6101150961333586
1003.3898305084746,4.075392965871777,2074.3112628136373,566.2665166075498,2.6101150961333586
1028.8135593220338,4.075392965871777,2138.85907887557,566.2665166075498,2.6101150961333586
1054.2372881355932,4.075392965871777,2203.406894937503,566.2665166075498,2.6101150961333586
1079.6610169491526,4.075392965871777,2267.9547109994355,566.2665166075498,2.6101150961333586
1105.084745762712,4.075392965871777,2332.5025270613687,566.2665166075498,2.6101150961333586
1130.508474576271,4.075392965871777,2397.050343123301,566.2665166075498,2.6101150961333586
1155.9322033898306,4.075392965871777,2461.5981591852346,566.2665166075498,2.6101150961333586
1181.3559322033898,4.075392965871777,2526.145975247167,566.2665166075498,2.6101150961333586
1206.7796610169491,4.075392965871777,2590.6937913090997,566.2665166075498,2.6101150961333586
1232.2033898305085,4.075392965871777,2655.241607371033,566.2665166075498,2.6101150961333586
1257.6271186440677,4.075392965871777,2719.789423432965,566.2665166075498,2.6101150961333586
1283.0508474576272,4.075392965871777,2784.3372394948988,566.2665166075498,2.6101150961333586
1308.4745762711864,4.075392965871777,2848.885055556831,566.2665166075498,2.6101150961333586
1333.8983050847457,4.075392965871777,2913.432871618764,566.2665166075498,2.6101150961333586
1359.322033898305,4.075392965871777,2977.980687680697,566.2665166075498,2.6101150961333586
1384.7457627118642,4.075392965871777,3042.5285037426293,566.2665166075498,2.6101150961333586
1410.1694915254238,4.075392965871777,3107.076319804563,566.2665166075498,2.6101150961333586
1435.593220338983,4.075392965871777,3171.624135866495,566.2665166075498,2.6101150961333586
1461.0169491525423,4.075392965871777,3236.171951928428,566.2665166075498,2.6101150961333586
1486.4406779661017,4.075392965871777,3300.719767990361,566.2665166075498,2.6101150961333586
1511.864406779661,4.075392965871777,3365.267584052294,566.2665166075498,2.6101150961333586
1537.2881355932204,4.075392965871777,3429.815400114227,566.2665166075498,2.6101150961333586
1562.7118644067796,4.075392965871777,3494.3632161761593,566.2665166075498,2.6101150961333586
1588.135593220339,4.075392965871777,3558.911032238092,566.2665166075498,2.6101150961333586
1613.5593220338983,4.075392965871777,3623.458848300025,566.2665166075498,2.6101150961333586
1638.9830508474577,4.075392965871777,3688.006664361958,566.2665166075498,2.6101150961333586
1664.406779661017,4.075392965871777,3752.554480423891,566.2665166075498,2.6101150961333586
1689.8305084745762,4.075392965871777,3817.1022964858234,566.2665166075498,2.6101150961333586
1715.2542372881355,4.075392965871777,3881.6501125477566,566.2665166075498,2.6101150961333586
1740.677966101695,4.075392965871777,3946.197928609689,566.2665166075498,2.6101150961333586
1766.1016949152543,4.075392965871777,4010.745744671622,566.2665166075498,2.6101150961333586
1791.5254237288136,4.075392965871777,4075.2935607335553,566.2665166075498,2.6101150961333586
1816.9491525423728,4.075392965871777,4139.841376795488,566.2665166075498,2.6101150961333586
1842.3728813559321,4.075392965871777,4204.389192857421,566.2665166075498,2.6101150961333586
1867.7966101694915,4.075392965871777,4268.9370089193535,566.2665166075498,2.6101150961333586
1893.2203389830509,4.075392965871777,4333.484824981287,566.2665166075498,2.6101150961333586
1918.6440677966102,4.075392965871777,4398.03264104322,566.2665166075498,2.6101150961333586
1944.0677966101696,4.075392965871777,4462.580457105152,566.2665166075498,2.6101150961333586
1969.4915254237287,4.075392965871777,4527.128273167084,566.2665166075498,2.6101150961333586
1994.915254237288,4.075392965871777,4591.676089229018,566.2665166075498,2.6101150961333586
2020.3389830508474,4.075392965871777,4656.223905290951,566.2665166075498,2.6101150961333586
2045.7627118644068,4.075392965871777,4720.771721352884,566.2665166075498,2.6101150961333586
2071.186440677966,4.075392965871777,4785.319537414816,566.2665166075498,2.6101150961333586
2096.610169491525,4.075392965871777,4849.867353476749,566.2665166075498,2.6101150961333586
2122.0338983050847,4.075392965871777,4914.415169538682,566.2665166075498,2.6101150961333586
2147.4576271186443,4.075392965871777,4978.962985600616,566.2665166075498,2.6101150961333586
2172.8813559322034,4.075392965871777,5043.510801662548,566.2665166075498,2.6101150961333586
2198.3050847457625,4.075392965871777,5108.05861772448,566.2665166075498,2.6101150961333586
2223.728813559322,4.075392965871777,5172.606433786414,566.2665166075498,2.6101150961333586
2249.1525423728813,4.075392965871777,5237.154249848346,566.2665166075498,2.6101150961333586
2274.576271186441,4.075392965871777,5301.702065910279,566.2665166075498,2.6101150961333586
2300.0,4.075392965871777,5366.249881972212,566.2665166075498,2.6101150961333586
800.0,4.581597669054491,1553.559537307771,639.0583692003756,2.54817146189716
825.4237288135594,4.581597669054491,1618.1073533697042,639.0583692003756,2.54817146189716
850.8474576271186,4.581597669054491,1682.6551694316365,639.0583692003756,2.54817146189716
876.271186440678,4.581597669054491,1747.2029854935697,639.0583692003756,2.54817146189716
901.6949152542372,4.581597669054491,1811.7508015555024,639.0583692003756,2.54817146189716
927.1186440677966,4.581597669054491,1876.2986176174352,639.0583692003756,2.54817146189716
952.542372881356,4.581597669054491,1940.846433679368,639.0583692003756,2.54817146189716
977.9661016949153,4.581597669054491,2005.394249741301,639.0583692003756,2.54817146189716
1003.3898305084746,4.581597669054491,2069.942065803234,639.0583692003756,2.54817146189716
1028.8135593220338,4.581597669054491,2134.4898818651664,639.0583692003756,2.54817146189716
1054.2372881355932,4.581597669054491,2199.0376979270995,639.0583692003756,2.54817146189716
1079.6610169491526,4.581597669054491,2263.585513989032,639.0583692003756,2.54817146189716
1105.084745762712,4.581597669054491,2328.133330050965,639.0583692003756,2.54817146189716
1130.508474576271,4.581597669054491,2392.6811461128973,639.0583692003756,2.54817146189716
1155.9322033898306,4.581597669054491,2457.2289621748314,639.0583692003756,2.54817146189716
1181.3559322033898,4.581597669054491,2521.7767782367637,639.0583692003756,2.54817146189716
1206.7796610169491,4.581597669054491,2586.324594298696,639.0583692003756,2.54817146189716
1232.2033898305085,4.581597669054491,2650.872410360629,639.0583692003756,2.54817146189716
1257.6271186440677,4.581597669054491,2715.4202264225614,639.0583692003756,2.54817146189716
1283.0508474576272,4.581597669054491,2779.9680424844955,639.0583692003756,2.54817146189716
1308.4745762711864,4.581597669054491,2844.515858546428,639.0583692003756,2.54817146189716
1333.8983050847457,4.581597669054491,2909.06367460836,639.0583692003756,2.54817146189716
1359.322033898305,4.581597669054491,2973.6114906702933,639.0583692003756,2.54817146189716
1384.7457627118642,4.581597669054491,3038.1593067322256,639.0583692003756,2.54817146189716
1410.1694915254238,4.581597669054491,3102.7071227941597,639.0583692003756,2.54817146189716
1435.593220338983,4.581597669054491,3167.254938856092,639.0583692003756,2.54817146189716
1461.0169491525423,4.581597669054491,3231.802754918024,639.0583692003756,2.54817146189716
1486.4406779661017,4.581597669054491,3296.3505709799574,639.0583692003756,2.54817146189716
1511.864406779661,4.581597669054491,3360.8983870418906,639.0583692003756,2.54817146189716
1537.2881355932204,4.581597669054491,3425.446203103824,639.0583692003756,2.54817146189716
1562.7118644067796,4.581597669054491,3489.994019165756,639.0583692003756,2.54817146189716
1588.135593220339,4.581597669054491,3554.5418352276884,639.0583692003756,2.54817146189716
1613.5593220338983,4.581597669054491,3619.0896512896215,639.0583692003756,2.54817146189716
1638.9830508474577,4.581597669054491,3683.6374673515547,639.0583692003756,2.54817146189716
1664.406779661017,4.581597669054491,3748.185283413488,639.0583692003756,2.54817146189716
1689.8305084745762,4.581597669054491,3812.73309947542,639.0583692003756,2.54817146189716
1715.2542372881355,4.581597669054491,3877.2809155373534,639.0583692003756,2.54817146189716
1740.677966101695,4.581597669054491,3941.8287315992857,639.0583692003756,2.54817146189716
1766.1016949152543,4.581597669054491,4006.376547661219,639.0583692003756,2.54817146189716
1791.5254237288136,4.581597669054491,4070.924363723152,639.0583692003756,2.54817146189716
1816.9491525423728,4.581597669054491,4135.472179785084,639.0583692003756,2.54817146189716
1842.3728813559321,4.581597669054491,4200.0199958470175,639.0583692003756,2.54817146189716
1867.7966101694915,4.581597669054491,4264.56781190895,639.0583692003756,2.54817146189716
1893.2203389830509,4.581597669054491,4329.115627970883,639.0583692003756,2.54817146189716
1918.6440677966102,4.581597669054491,4393.663444032816,639.0583692003756,2.54817146189716
1944.0677966101696,4.581597669054491,4458.2112600947485,639.0583692003756,2.54817146189716
1969.4915254237287,4.581597669054491,4522.759076156681,639.0583692003756,2.54817146189716
1994.915254237288,4.581597669054491,4587.306892218614,639.0583692003756,2.54817146189716
2020.3389830508474,4.581597669054491,4651.854708280547,639.0583692003756,2.54817146189716
2045.7627118644068,4.581597669054491,4716.40252434248,639.0583692003756,2.54817146189716
2071.186440677966,4.581597669054491,4780.950340404413,639.0583692003756,2.54817146189716
2096.610169491525,4.581597669054491,4845.498156466345,639.0583692003756,2.54817146189716
2122.0338983050847,4.581597669054491,4910.045972528278,639.0583692003756,2.54817146189716
2147.4576271186443,4.581597669054491,4974.593788590212,639.0583692003756,2.54817146189716
2172.8813559322034,4.581597669054491,5039.141604652144,639.0583692003756,2.54817146189716
2198.3050847457625,4.581597669054491,5103.689420714077,639.0583692003756,2.54817146189716
2223.728813559322,4.581597669054491,5168.23723677601,639.0583692003756,2.54817146189716
2249.1525423728813,4.581597669054491,5232.785052837942,639.0583692003756,2.54817146189716
2274.576271186441,4.581597669054491,5297.332868899875,639.0583692003756,2.54817146189716
2300.0,4.581597669054491,5361.880684961809,639.0583692003756,2.54817146189716
800.0,5.150678076168124,1548.6476421835123,720.8917003559895,2.481665226413786
825.4237288135594,5.150678076168124,1613.1954582454455,720.8917003559895,2.481665226413786
850.8474576271186,5.150678076168124,1677.7432743073778,720.8917003559895,2.481665226413786
876.271186440678,5.150678076168124,1742.291090369311,720.8917003559895,2.481665226413786
901.6949152542372,5.150678076168124,1806.8389064312437,720.8917003559895,2.481665226413786
927.1186440677966,5.150678076168124,1871.3867224931764,720.8917003559895,2.481665226413786
952.542372881356,5.150678076168124,1935.9345385551092,720.8917003559895,2.481665226413786
977.9661016949153,5.150678076168124,2000.4823546170423,720.8917003559895,2.481665226413786
1003.3898305084746,5.150678076168124,2065.030170678975,720.8917003559895,2.481665226413786
1028.8135593220338,5.150678076168124,2129.577986740908,720.8917003559895,2.481665226413786
1054.2372881355932,5.150678076168124,2194.1258028028406,720.8917003559895,2.481665226413786
1079.6610169491526,5.150678076168124,2258.6736188647733,720.8917003559895,2.481665226413786
1105.084745762712,5.150678076168124,2323.2214349267065,720.8917003559895,2.481665226413786
1130.508474576271,5.150678076168124,2387.7692509886388,720.8917003559895,2.481665226413786
1155.9322033898306,5.150678076168124,2452.3170670505724,720.8917003559895,2.481665226413786
1181.3559322033898,5.150678076168124,2516.8648831125047,720.8917003559895,2.481665226413786
1206.7796610169491,5.150678076168124,2581.4126991744374,720.8917003559895,2.481665226413786
1232.2033898305085,5.150678076168124,2645.9605152363706,720.8917003559895,2.481665226413786
1257.6271186440677,5.150678076168124,2710.508331298303,720.8917003559895,2.481665226413786
1283.0508474576272,5.150678076168124,2775.0561473602365,720.8917003559895,2.481665226413786
1308.4745762711864,5.150678076168124,2839.603963422169,720.8917003559895,2.481665226413786
1333.8983050847457,5.150678076168124,2904.1517794841016,720.8917003559895,2.481665226413786
1359.322033898305,5.150678076168124,2968.6995955460347,720.8917003559895,2.481665226413786
1384.7457627118642,5.150678076168124,3033.247411607967,720.8917003559895,2.481665226413786
1410.1694915254238,5.150678076168124,3097.7952276699007,720.8917003559895,2.481665226413786
1435.593220338983,5.150678076168124,3162.343043731833,720.8917003559895,2.481665226413786
1461.0169491525423,5.150678076168124,3226.8908597937657,720.8917003559895,2.481665226413786
1486.4406779661017,5.150678076168124,3291.438675855699,720.8917003559895,2.481665226413786
1511.864406779661,5.150678076168124,3355.9864919176316,720.8917003559895,2.481665226413786
1537.2881355932204,5.150678076168124,3420.534307979565,720.8917003559895,2.481665226413786
1562.7118644067796,5.150678076168124,3485.082124041497,720.8917003559895,2.481665226413786
1588.135593220339,5.150678076168124,3549.62994010343,720.8917003559895,2.481665226413786
1613.5593220338983,5.150678076168124,3614.1777561653626,720.8917003559895,2.481665226413786
1638.9830508474577,5.150678076168124,3678.7255722272957,720.8917003559895,2.481665226413786
1664.406779661017,5.150678076168124,3743.273388289229,720.8917003559895,2.481665226413786
1689.8305084745762,5.150678076168124,3807.821204351161,720.8917003559895,2.481665226413786
1715.2542372881355,5.150678076168124,3872.3690204130944,720.8917003559895,2.481665226413786
1740.677966101695,5.150678076168124,3936.9168364750267,720.8917003559895,2.481665226413786
1766.1016949152543,5.150678076168124,4001.46465253696,720.8917003559895,2.481665226413786
1791.5254237288136,5.150678076168124,4066.012468598893,720.8917003559895,2.481665226413786
1816.9491525423728,5.150678076168124,4130.560284660825,720.8917003559895,2.481665226413786
1842.3728813559321,5.150678076168124,4195.1081007227585,720.8917003559895,2.481665226413786
1867.7966101694915,5.150678076168124,4259.655916784691,720.8917003559895,2.481665226413786
1893.2203389830509,5.150678076168124,4324.203732846624,720.8917003559895,2.481665226413786
1918.6440677966102,5.150678076168124,4388.751548908557,720.8917003559895,2.481665226413786
1944.0677966101696,5.150678076168124,4453.2993649704895,720.8917003559895,2.481665226413786
1969.4915254237287,5.150678076168124,4517.847181032422,720.8917003559895,2.481665226413786
1994.915254237288,5.150678076168124,4582.394997094355,720.8917003559895,2.481665226413786
2020.3389830508474,5.150678076168124,4646.942813156288,720.8917003559895,2.481665226413786
2045.7627118644068,5.150678076168124,4711.490629218221,720.8917003559895,2.481665226413786
2071.186440677966,5.150678076168124,4776.038445280154,720.8917003559895,2.481665226413786
2096.610169491525,5.150678076168124,4840.586261342086,720.8917003559895,2.481665226413786
2122.0338983050847,5.150678076168124,4905.134077404019,720.8917003559895,2.481665226413786
2147.4576271186443,5.150678076168124,4969.681893465953,720.8917003559895,2.481665226413786
2172.8813559322034,5.150678076168124,5034.2297095278855,720.8917003559895,2.481665226413786
2198.3050847457625,5.150678076168124,5098.777525589818,720.8917003559895,2.481665226413786
2223.728813559322,5.150678076168124,5163.325341651751,720.8917003559895,2.481665226413786
2249.1525423728813,5.150678076168124,5227.873157713683,720.8917003559895,2.481665226413786
2274.576271186441,5.150678076168124,5292.420973775616,720.8917003559895,2.481665226413786
2300.0,5.150678076168124,5356.96878983755,720.8917003559895,2.481665226413786
800.0,5.790443980602488,1543.1256403936482,812.8895524436892,2.410579435997699
825.4237288135594,5.790443980602488,1607.6734564555813,812.8895524436892,2.410579435997699
850.8474576271186,5.790443980602488,1672.2212725175136,812.8895524436892,2.410579435997699
876.271186440678,5.790443980602488,1736.7690885794468,812.8895524436892,2.410579435997699
901.6949152542372,5.790443980602488,1801.3169046413796,812.8895524436892,2.410579435997699
927.1186440677966,5.790443980602488,1865.8647207033123,812.8895524436892,2.410579435997699
952.542372881356,5.790443980602488,1930.412536765245,812.8895524436892,2.410579435997699
977.9661016949153,5.790443980602488,1994.9603528271782,812.8895524436892,2.410579435997699
1003.3898305084746,5.790443980602488,2059.508168889111,812.8895524436892,2.410579435997699
1028.8135593220338,5.790443980602488,2124.0559849510437,812.8895524436892,2.410579435997699
1054.2372881355932,5.790443980602488,2188.6038010129764,812.8895524436892,2.410579435997699
1079.6610169491526,5.790443980602488,2253.151617074909,812.8895524436892,2.410579435997699
1105.084745762712,5.790443980602488,2317.6994331368423,812.8895524436892,2.410579435997699
1130.508474576271,5.790443980602488,2382.2472491987746,812.8895524436892,2.410579435997699
1155.9322033898306,5.790443980602488,2446.7950652607083,812.8895524436892,2.410579435997699
1181.3559322033898,5.790443980602488,2511.3428813226406,812.8895524436892,2.410579435997699
1206.7796610169491,5.790443980602488,2575.8906973845733,812.8895524436892,2.410579435997699
1232.2033898305085,5.790443980602488,2640.4385134465065,812.8895524436892,2.410579435997699
1257.6271186440677,5.790443980602488,2704.9863295084388,812.8895524436892,2.410579435997699
1283.0508474576272,5.790443980602488,2769.5341455703724,812.8895524436892,2.410579435997699
1308.4745762711864,5.790443980602488,2834.0819616323047,812.8895524436892,2.410579435997699
1333.8983050847457,5.790443980602488,2898.6297776942374,812.8895524436892,2.410579435997699
1359.322033898305,5.790443980602488,2963.1775937561706,812.8895524436892,2.410579435997699
1384.7457627118642,5.790443980602488,3027.725409818103,812.8895524436892,2.410579435997699
1410.1694915254238,5.790443980602488,3092.2732258800365,812.8895524436892,2.410579435997699
1435.593220338983,5.790443980602488,3156.821041941969,812.8895524436892,2.410579435997699
1461.0169491525423,5.790443980602488,3221.3688580039016,812.8895524436892,2.410579435997699
1486.4406779661017,5.790443980602488,3285.9166740658347,812.8895524436892,2.410579435997699
1511.864406779661,5.790443980602488,3350.4644901277675,812.8895524436892,2.410579435997699
1537.2881355932204,5.790443980602488,3415.0123061897007,812.8895524436892,2.410579435997699
1562.7118644067796,5.790443980602488,3479.560122251633,812.8895524436892,2.410579435997699
1588.135593220339,5.790443980602488,3544.1079383135657,812.8895524436892,2.410579435997699
1613.5593220338983,5.790443980602488,3608.6557543754984,812.8895524436892,2.410579435997699
1638.9830508474577,5.790443980602488,3673.2035704374316,812.8895524436892,2.410579435997699
1664.406779661017,5.790443980602488,3737.751386499365,812.8895524436892,2.410579435997699
1689.8305084745762,5.790443980602488,3802.299202561297,812.8895524436892,2.410579435997699
1715.2542372881355,5.790443980602488,3866.8470186232303,812.8895524436892,2.410579435997699
1740.677966101695,5.790443980602488,3931.3948346851626,812.8895524436892,2.410579435997699
1766.1016949152543,5.790443980602488,3995.9426507470957,812.8895524436892,2.410579435997699
1791.5254237288136,5.790443980602488,4060.490466809029,812.8895524436892,2.410579435997699
1816.9491525423728,5.790443980602488,4125.038282870961,812.8895524436892,2.410579435997699
1842.3728813559321,5.790443980602488,4189.586098932894,812.8895524436892,2.410579435997699
1867.7966101694915,5.790443980602488,4254.133914994826,812.8895524436892,2.410579435997699
1893.2203389830509,5.790443980602488,4318.681731056759,812.8895524436892,2.410579435997699
1918.6440677966102,5.790443980602488,4383.229547118693,812.8895524436892,2.410579435997699
1944.0677966101696,5.790443980602488,4447.777363180625,812.8895524436892,2.410579435997699
1969.4915254237287,5.790443980602488,4512.325179242557,812.8895524436892,2.410579435997699
1994.915254237288,5.790443980602488,4576.87299530449,812.8895524436892,2.410579435997699
2020.3389830508474,5.790443980602488,4641.420811366424,812.8895524436892,2.410579435997699
2045.7627118644068,5.790443980602488,4705.968627428357,812.8895524436892,2.410579435997699
2071.186440677966,5.790443980602488,4770.516443490289,812.8895524436892,2.410579435997699
2096.610169491525,5.790443980602488,4835.064259552221,812.8895524436892,2.410579435997699
2122.0338983050847,5.790443980602488,4899.6120756141545,812.8895524436892,2.410579435997699
2147.4576271186443,5.790443980602488,4964.159891676089,812.8895524436892,2.410579435997699
2172.8813559322034,5.790443980602488,5028.707707738021,812.8895524436892,2.410579435997699
2198.3050847457625,5.790443980602488,5093.255523799953,812.8895524436892,2.410579435997699
2223.728813559322,5.790443980602488,5157.803339861886,812.8895524436892,2.410579435997699
2249.1525423728813,5.790443980602488,5222.351155923819,812.8895524436892,2.410579435997699
2274.576271186441,5.790443980602488,5286.898971985752,812.8895524436892,2.410579435997699
2300.0,5.790443980602488,5351.446788047685,812.8895524436892,2.410579435997699
800.0,6.50967523045817,1536.9177505678517,916.3144609648396,2.334961582220018
825.4237288135594,6.50967523045817,1601.465566629785,916.3144609648396,2.334961582220018
850.8474576271186,6.50967523045817,1666.0133826917172,916.3144609648396,2.334961582220018
876.271186440678,6.50967523045817,1730.5611987536504,916.3144609648396,2.334961582220018
901.6949152542372,6.50967523045817,1795.1090148155831,916.3144609648396,2.334961582220018
927.1186440677966,6.50967523045817,1859.6568308775159,916.3144609648396,2.334961582220018
952.542372881356,6.50967523045817,1924.2046469394486,916.3144609648396,2.334961582220018
977.9661016949153,6.50967523045817,1988.7524630013818,916.3144609648396,2.334961582220018
1003.3898305084746,6.50967523045817,2053.3002790633145,916.3144609648396,2.334961582220018
1028.8135593220338,6.50967523045817,2117.8480951252473,916.3144609648396,2.334961582220018
1054.2372881355932,6.50967523045817,2182.39591118718,916.3144609648396,2.334961582220018
1079.6610169491526,6.50967523045817,2246.9437272491127,916.3144609648396,2.334961582220018
1105.084745762712,6.50967523045817,2311.491543311046,916.3144609648396,2.334961582220018
1130.508474576271,6.50967523045817,2376.039359372978,916.3144609648396,2.334961582220018
1155.9322033898306,6.50967523045817,2440.587175434912,916.3144609648396,2.334961582220018
1181.3559322033898,6.50967523045817,2505.134991496844,916.3144609648396,2.334961582220018
1206.7796610169491,6.50967523045817,2569.682807558777,916.3144609648396,2.334961582220018
1232.2033898305085,6.50967523045817,2634.23062362071,916.3144609648396,2.334961582220018
1257.6271186440677,6.50967523045817,2698.7784396826423,916.3144609648396,2.334961582220018
1283.0508474576272,6.50967523045817,2763.326255744576,916.3144609648396,2.334961582220018
1308.4745762711864,6.50967523045817,2827.8740718065083,916.3144609648396,2.334961582220018
1333.8983050847457,6.50967523045817,2892.421887868441,916.3144609648396,2.334961582220018
1359.322033898305,6.50967523045817,2956.969703930374,916.3144609648396,2.334961582220018
1384.7457627118642,6.50967523045817,3021.5175199923065,916.3144609648396,2.334961582220018
1410.1694915254238,6.50967523045817,3086.06533605424,916.3144609648396,2.334961582220018
1435.593220338983,6.50967523045817,3150.6131521161724,916.3144609648396,2.334961582220018
1461.0169491525423,6.50967523045817,3215.160968178105,916.3144609648396,2.334961582220018
1486.4406779661017,6.50967523045817,3279.7087842400383,916.3144609648396,2.334961582220018
1511.864406779661,6.50967523045817,3344.256600301971,916.3144609648396,2.334961582220018
1537.2881355932204,6.50967523045817,3408.8044163639042,916.3144609648396,2.334961582220018
1562.7118644067796,6.50967523045817,3473.3522324258365,916.3144609648396,2.334961582220018
1588.135593220339,6.50967523045817,3537.9000484877693,916.3144609648396,2.334961582220018
1613.5593220338983,6.50967523045817,3602.447864549702,916.3144609648396,2.334961582220018
1638.9830508474577,6.50967523045817,3666.995680611635,916.3144609648396,2.334961582220018
1664.406779661017,6.50967523045817,3731.5434966735684,916.3144609648396,2.334961582220018
1689.8305084745762,6.50967523045817,3796.0913127355007,916.3144609648396,2.334961582220018
1715.2542372881355,6.50967523045817,3860.639128797434,916.3144609648396,2.334961582220018
1740.677966101695,6.50967523045817,3925.186944859366,916.3144609648396,2.334961582220018
1766.1016949152543,6.50967523045817,3989.7347609212993,916.3144609648396,2.334961582220018
1791.5254237288136,6.50967523045817,4054.2825769832325,916.3144609648396,2.334961582220018
1816.9491525423728,6.50967523045817,4118.830393045165,916.3144609648396,2.334961582220018
1842.3728813559321,6.50967523045817,4183.378209107098,916.3144609648396,2.334961582220018
1867.7966101694915,6.50967523045817,4247.92602516903,916.3144609648396,2.334961582220018
1893.2203389830509,6.50967523045817,4312.473841230963,916.3144609648396,2.334961582220018
1918.6440677966102,6.50967523045817,4377.021657292897,916.3144609648396,2.334961582220018
1944.0677966101696,6.50967523045817,4441.569473354829,916.3144609648396,2.334961582220018
1969.4915254237287,6.50967523045817,4506.117289416761,916.3144609648396,2.334961582220018
1994.915254237288,6.50967523045817,4570.665105478694,916.3144609648396,2.334961582220018
2020.3389830508474,6.50967523045817,4635.212921540628,916.3144609648396,2.334961582220018
2045.7627118644068,6.50967523045817,4699.760737602561,916.3144609648396,2.334961582220018
2071.186440677966,6.50967523045817,4764.308553664493,916.3144609648396,2.334961582220018
2096.610169491525,6.50967523045817,4828.856369726425,916.3144609648396,2.334961582220018
2122.0338983050847,6.50967523045817,4893.4041857883585,916.3144609648396,2.334961582220018
2147.4576271186443,6.50967523045817,4957.952001850293,916.3144609648396,2.334961582220018
2172.8813559322034,6.50967523045817,5022.499817912225,916.3144609648396,2.334961582220018
2198.3050847457625,6.50967523045817,5087.047633974157,916.3144609648396,2.334961582220018
2223.728813559322,6.50967523045817,5151.59545003609,916.3144609648396,2.334961582220018
2249.1525423728813,6.50967523045817,5216.143266098023,916.3144609648396,2.334961582220018
2274.576271186441,6.50967523045817,5280.691082159956,916.3144609648396,2.334961582220018
2300.0,6.50967523045817,5345.238898221889,916.3144609648396,2.334961582220018
800.0,7.318242219076176,1529.938778529132,1032.585780999695,2.254931214193643
825.4237288135594,7.318242219076176,1594.486594591065,1032.585780999695,2.254931214193643
850.8474576271186,7.318242219076176,1659.0344106529974,1032.585780999695,2.254931214193643
876.271186440678,7.318242219076176,1723.5822267149306,1032.585780999695,2.254931214193643
901.6949152542372,7.318242219076176,1788.1300427768633,1032.585780999695,2.254931214193643
927.1186440677966,7.318242219076176,1852.677858838796,1032.585780999695,2.254931214193643
952.542372881356,7.318242219076176,1917.2256749007288,1032.585780999695,2.254931214193643
977.9661016949153,7.318242219076176,1981.773490962662,1032.585780999695,2.254931214193643
1003.3898305084746,7.318242219076176,2046.3213070245947,1032.585780999695,2.254931214193643
1028.8135593220338,7.318242219076176,2110.8691230865275,1032.585780999695,2.254931214193643
1054.2372881355932,7.318242219076176,2175.41693914846,1032.585780999695,2.254931214193643
1079.6610169491526,7.318242219076176,2239.964755210393,1032.585780999695,2.254931214193643
1105.084745762712,7.318242219076176,2304.512571272326,1032.585780999695,2.254931214193643
1130.508474576271,7.318242219076176,2369.0603873342584,1032.585780999695,2.254931214193643
1155.9322033898306,7.318242219076176,2433.608203396192,1032.585780999695,2.254931214193643
1181.3559322033898,7.318242219076176,2498.1560194581243,1032.585780999695,2.254931214193643
1206.7796610169491,7.318242219076176,2562.703835520057,1032.585780999695,2.254931214193643
1232.2033898305085,7.318242219076176,2627.2516515819902,1032.585780999695,2.254931214193643
1257.6271186440677,7.318242219076176,2691.7994676439225,1032.585780999695,2.254931214193643
1283.0508474576272,7.318242219076176,2756.347283705856,1032.585780999695,2.254931214193643
1308.4745762711864,7.318242219076176,2820.8950997677885,1032.585780999695,2.254931214193643
1333.8983050847457,7.318242219076176,2885.442915829721,1032.585780999695,2.254931214193643
1359.322033898305,7.318242219076176,2949.9907318916544,1032.585780999695,2.254931214193643
1384.7457627118642,7.318242219076176,3014.5385479535867,1032.585780999695,2.254931214193643
1410.1694915254238,7.318242219076176,3079.0863640155203,1032.585780999695,2.254931214193643
1435.593220338983,7.318242219076176,3143.6341800774526,1032.585780999695,2.254931214193643
1461.0169491525423,7.318242219076176,3208.1819961393853,1032.585780999695,2.254931214193643
1486.4406779661017,7.318242219076176,3272.7298122013185,1032.585780999695,2.254931214193643
1511.864406779661,7.318242219076176,3337.2776282632512,1032.585780999695,2.254931214193643
1537.2881355932204,7.318242219076176,3401.8254443251844,1032.585780999695,2.254931214193643
1562.7118644067796,7.318242219076176,3466.3732603871167,1032.585780999695,2.254931214193643
1588.135593220339,7.318242219076176,3530.9210764490495,1032.585780999695,2.254931214193643
1613.5593220338983,7.318242219076176,3595.468892510982,1032.585780999695,2.254931214193643
1638.9830508474577,7.318242219076176,3660.0167085729154,1032.585780999695,2.254931214193643
1664.406779661017,7.318242219076176,3724.5645246348486,1032.585780999695,2.254931214193643
1689.8305084745762,7.318242219076176,3789.112340696781,1032.585780999695,2.254931214193643
1715.2542372881355,7.318242219076176,3853.660156758714,1032.585780999695,2.254931214193643
1740.677966101695,7.318242219076176,3918.2079728206463,1032.585780999695,2.254931214193643
1766.1016949152543,7.318242219076176,3982.7557888825795,1032.585780999695,2.254931214193643
1791.5254237288136,7.318242219076176,4047.3036049445127,1032.585780999695,2.254931214193643
1816.9491525423728,7.318242219076176,4111.851421006445,1032.585780999695,2.254931214193643
1842.3728813559321,7.318242219076176,4176.399237068378,1032.585780999695,2.254931214193643
1867.7966101694915,7.318242219076176,4240.94705313031,1032.585780999695,2.254931214193643
1893.2203389830509,7.318242219076176,4305.494869192244,1032.585780999695,2.254931214193643
1918.6440677966102,7.318242219076176,4370.042685254177,1032.585780999695,2.254931214193643
1944.0677966101696,7.318242219076176,4434.590501316109,1032.585780999695,2.254931214193643
1969.4915254237287,7.318242219076176,4499.138317378041,1032.585780999695,2.254931214193643
1994.915254237288,7.318242219076176,4563.686133439975,1032.585780999695,2.254931214193643
2020.3389830508474,7.318242219076176,4628.233949501908,1032.585780999695,2.254931214193643
2045.7627118644068,7.318242219076176,4692.781765563841,1032.585780999695,2.254931214193643
2071.186440677966,7.318242219076176,4757.329581625773,1032.585780999695,2.254931214193643
2096.610169491525,7.318242219076176,4821.8773976877055,1032.585780999695,2.254931214193643
2122.0338983050847,7.318242219076176,4886.425213749639,1032.585780999695,2.254931214193643
2147.4576271186443,7.318242219076176,4950.973029811573,1032.585780999695,2.254931214193643
2172.8813559322034,7.318242219076176,5015.520845873505,1032.585780999695,2.254931214193643
2198.3050847457625,7.318242219076176,5080.068661935437,1032.585780999695,2.254931214193643
2223.728813559322,7.318242219076176,5144.616477997371,1032.585780999695,2.254931214193643
2249.1525423728813,7.318242219076176,5209.164294059303,1032.585780999695,2.254931214193643
2274.576271186441,7.318242219076176,5273.712110121236,1032.585780999695,2.254931214193643
2300.0,7.318242219076176,5338.259926183169,1032.585780999695,2.254931214193643
800.0,8.22724134170047,1522.092948128785,1163.2991657727944,2.170685944989255
825.4237288135594,8.22724134170047,1586.6407641907183,1163.2991657727944,2.170685944989255
850.8474576271186,8.22724134170047,1651.1885802526506,1163.2991657727944,2.170685944989255
876.271186440678,8.22724134170047,1715.7363963145838,1163.2991657727944,2.170685944989255
901.6949152542372,8.22724134170047,1780.2842123765165,1163.2991657727944,2.170685944989255
927.1186440677966,8.22724134170047,1844.8320284384492,1163.2991657727944,2.170685944989255
952.542372881356,8.22724134170047,1909.379844500382,1163.2991657727944,2.170685944989255
977.9661016949153,8.22724134170047,1973.9276605623152,1163.2991657727944,2.170685944989255
1003.3898305084746,8.22724134170047,2038.475476624248,1163.2991657727944,2.170685944989255
1028.8135593220338,8.22724134170047,2103.023292686181,1163.2991657727944,2.170685944989255
1054.2372881355932,8.22724134170047,2167.5711087481136,1163.2991657727944,2.170685944989255
1079.6610169491526,8.22724134170047,2232.1189248100463,1163.2991657727944,2.170685944989255
1105.084745762712,8.22724134170047,2296.6667408719795,1163.2991657727944,2.170685944989255
1130.508474576271,8.22724134170047,2361.214556933912,1163.2991657727944,2.170685944989255
1155.9322033898306,8.22724134170047,2425.7623729958455,1163.2991657727944,2.170685944989255
1181.3559322033898,8.22724134170047,2490.3101890577777,1163.2991657727944,2.170685944989255
1206.7796610169491,8.22724134170047,2554.8580051197105,1163.2991657727944,2.170685944989255
1232.2033898305085,8.22724134170047,2619.4058211816437,1163.2991657727944,2.170685944989255
1257.6271186440677,8.22724134170047,2683.953637243576,1163.2991657727944,2.170685944989255
1283.0508474576272,8.22724134170047,2748.5014533055096,1163.2991657727944,2.170685944989255
1308.4745762711864,8.22724134170047,2813.049269367442,1163.2991657727944,2.170685944989255
1333.8983050847457,8.22724134170047,2877.5970854293746,1163.2991657727944,2.170685944989255
1359.322033898305,8.22724134170047,2942.144901491308,1163.2991657727944,2.170685944989255
1384.7457627118642,8.22724134170047,3006.69271755324,1163.2991657727944,2.170685944989255
1410.1694915254238,8.22724134170047,3071.2405336151737,1163.2991657727944,2.170685944989255
1435.593220338983,8.22724134170047,3135.788349677106,1163.2991657727944,2.170685944989255
1461.0169491525423,8.22724134170047,3200.3361657390387,1163.2991657727944,2.170685944989255
1486.4406779661017,8.22724134170047,3264.883981800972,1163.2991657727944,2.170685944989255
1511.864406779661,8.22724134170047,3329.4317978629047,1163.2991657727944,2.170685944989255
1537.2881355932204,8.22724134170047,3393.979613924838,1163.2991657727944,2.170685944989255
1562.7118644067796,8.22724134170047,3458.52742998677,1163.2991657727944,2.170685944989255
1588.135593220339,8.22724134170047,3523.075246048703,1163.2991657727944,2.170685944989255
1613.5593220338983,8.22724134170047,3587.6230621106356,1163.2991657727944,2.170685944989255
1638.9830508474577,8.22724134170047,3652.170878172569,1163.2991657727944,2.170685944989255
1664.406779661017,8.22724134170047,3716.718694234502,1163.2991657727944,2.170685944989255
1689.8305084745762,8.22724134170047,3781.2665102964343,1163.2991657727944,2.170685944989255
1715.2542372881355,8.22724134170047,3845.8143263583675,1163.2991657727944,2.170685944989255
1740.677966101695,8.22724134170047,3910.3621424202997,1163.2991657727944,2.170685944989255
1766.1016949152543,8.22724134170047,3974.909958482233,1163.2991657727944,2.170685944989255
1791.5254237288136,8.22724134170047,4039.457774544166,1163.2991657727944,2.170685944989255
1816.9491525423728,8.22724134170047,4104.005590606098,1163.2991657727944,2.170685944989255
1842.3728813559321,8.22724134170047,4168.553406668031,1163.2991657727944,2.170685944989255
1867.7966101694915,8.22724134170047,4233.101222729963,1163.2991657727944,2.170685944989255
1893.2203389830509,8.22724134170047,4297.649038791897,1163.2991657727944,2.170685944989255
1918.6440677966102,8.22724134170047,4362.19685485383,1163.2991657727944,2.170685944989255
1944.0677966101696,8.22724134170047,4426.744670915762,1163.2991657727944,2.170685944989255
1969.4915254237287,8.22724134170047,4491.292486977694,1163.2991657727944,2.170685944989255
1994.915254237288,8.22724134170047,4555.8403030396275,1163.2991657727944,2.170685944989255
2020.3389830508474,8.22724134170047,4620.388119101561,1163.2991657727944,2.170685944989255
2045.7627118644068,8.22724134170047,4684.935935163494,1163.2991657727944,2.170685944989255
2071.186440677966,8.22724134170047,4749.483751225426,1163.2991657727944,2.170685944989255
2096.610169491525,8.22724134170047,4814.0315672873585,1163.2991657727944,2.170685944989255
2122.0338983050847,8.22724134170047,4878.579383349292,1163.2991657727944,2.170685944989255
2147.4576271186443,8.22724134170047,4943.127199411226,1163.2991657727944,2.170685944989255
2172.8813559322034,8.22724134170047,5007.675015473158,1163.2991657727944,2.170685944989255
2198.3050847457625,8.22724134170047,5072.22283153509,1163.2991657727944,2.170685944989255
2223.728813559322,8.22724134170047,5136.7706475970235,1163.2991657727944,2.170685944989255
2249.1525423728813,8.22724134170047,5201.318463658956,1163.2991657727944,2.170685944989255
2274.576271186441,8.22724134170047,5265.866279720889,1163.2991657727944,2.170685944989255
2300.0,8.22724134170047,5330.414095782822,1163.2991657727944,2.170685944989255
800.0,9.249147277217336,1513.2725868593202,1310.248464651645,2.0825052343758483
825.4237288135594,9.249147277217336,1577.8204029212534,1310.248464651645,2.0825052343758483
850.8474576271186,9.249147277217336,1642.3682189831857,1310.248464651645,2.0825052343758483
876.271186440678,9.249147277217336,1706.9160350451189,1310.248464651645,2.0825052343758483
901.6949152542372,9.249147277217336,1771.4638511070516,1310.248464651645,2.0825052343758483
927.1186440677966,9.249147277217336,1836.0116671689843,1310.248464651645,2.0825052343758483
952.542372881356,9.249147277217336,1900.559483230917,1310.248464651645,2.0825052343758483
977.9661016949153,9.249147277217336,1965.1072992928503,1310.248464651645,2.0825052343758483
1003.3898305084746,9.249147277217336,2029.655115354783,1310.248464651645,2.0825052343758483
1028.8135593220338,9.249147277217336,2094.2029314167157,1310.248464651645,2.0825052343758483
1054.2372881355932,9.249147277217336,2158.7507474786485,1310.248464651645,2.0825052343758483
1079.6610169491526,9.249147277217336,2223.298563540581,1310.248464651645,2.0825052343758483
1105.084745762712,9.249147277217336,2287.8463796025144,1310.248464651645,2.0825052343758483
1130.508474576271,9.249147277217336,2352.3941956644467,1310.248464651645,2.0825052343758483
1155.9322033898306,9.249147277217336,2416.9420117263803,1310.248464651645,2.0825052343758483
1181.3559322033898,9.249147277217336,2481.4898277883126,1310.248464651645,2.0825052343758483
1206.7796610169491,9.249147277217336,2546.0376438502453,1310.248464651645,2.0825052343758483
1232.2033898305085,9.249147277217336,2610.5854599121785,1310.248464651645,2.0825052343758483
1257.6271186440677,9.249147277217336,2675.133275974111,1310.248464651645,2.0825052343758483
1283.0508474576272,9.249147277217336,2739.6810920360444,1310.248464651645,2.0825052343758483
1308.4745762711864,9.249147277217336,2804.2289080979767,1310.248464651645,2.0825052343758483
1333.8983050847457,9.249147277217336,2868.7767241599095,1310.248464651645,2.0825052343758483
1359.322033898305,9.249147277217336,2933.3245402218427,1310.248464651645,2.0825052343758483
1384.7457627118642,9.249147277217336,2997.872356283775,1310.248464651645,2.0825052343758483
1410.1694915254238,9.249147277217336,3062.4201723457086,1310.248464651645,2.0825052343758483
1435.593220338983,9.249147277217336,3126.967988407641,1310.248464651645,2.0825052343758483
1461.0169491525423,9.249147277217336,3191.5158044695736,1310.248464651645,2.0825052343758483
1486.4406779661017,9.249147277217336,3256.063620531507,1310.248464651645,2.0825052343758483
1511.864406779661,9.249147277217336,3320.6114365934395,1310.248464651645,2.0825052343758483
1537.2881355932204,9.249147277217336,3385.1592526553727,1310.248464651645,2.0825052343758483
1562.7118644067796,9.249147277217336,3449.707068717305,1310.248464651645,2.0825052343758483
1588.135593220339,9.249147277217336,3514.2548847792377,1310.248464651645,2.0825052343758483
1613.5593220338983,9.249147277217336,3578.8027008411705,1310.248464651645,2.0825052343758483
1638.9830508474577,9.249147277217336,3643.3505169031037,1310.248464651645,2.0825052343758483
1664.406779661017,9.249147277217336,3707.898332965037,1310.248464651645,2.0825052343758483
1689.8305084745762,9.249147277217336,3772.446149026969,1310.248464651645,2.0825052343758483
1715.2542372881355,9.249147277217336,3836.9939650889023,1310.248464651645,2.0825052343758483
1740.677966101695,9.249147277217336,3901.5417811508346,1310.248464651645,2.0825052343758483
1766.1016949152543,9.249147277217336,3966.089597212768,1310.248464651645,2.0825052343758483
1791.5254237288136,9.249147277217336,4030.637413274701,1310.248464651645,2.0825052343758483
1816.9491525423728,9.249147277217336,4095.1852293366333,1310.248464651645,2.0825052343758483
1842.3728813559321,9.249147277217336,4159.733045398567,1310.248464651645,2.0825052343758483
1867.7966101694915,9.249147277217336,4224.280861460498,1310.248464651645,2.0825052343758483
1893.2203389830509,9.249147277217336,4288.8286775224315,1310.248464651645,2.0825052343758483
1918.6440677966102,9.249147277217336,4353.376493584365,1310.248464651645,2.0825052343758483
1944.0677966101696,9.249147277217336,4417.924309646298,1310.248464651645,2.0825052343758483
1969.4915254237287,9.249147277217336,4482.472125708229,1310.248464651645,2.0825052343758483
1994.915254237288,9.249147277217336,4547.019941770162,1310.248464651645,2.0825052343758483
2020.3389830508474,9.249147277217336,4611.567757832096,1310.248464651645,2.0825052343758483
2045.7627118644068,9.249147277217336,4676.115573894029,1310.248464651645,2.0825052343758483
2071.186440677966,9.249147277217336,4740.663389955962,1310.248464651645,2.0825052343758483
2096.610169491525,9.249147277217336,4805.211206017893,1310.248464651645,2.0825052343758483
2122.0338983050847,9.249147277217336,4869.7590220798265,1310.248464651645,2.0825052343758483
2147.4576271186443,9.249147277217336,4934.306838141762,1310.248464651645,2.0825052343758483
2172.8813559322034,9.249147277217336,4998.854654203693,1310.248464651645,2.0825052343758483
2198.3050847457625,9.249147277217336,5063.402470265626,1310.248464651645,2.0825052343758483
2223.728813559322,9.249147277217336,5127.950286327559,1310.248464651645,2.0825052343758483
2249.1525423728813,9.249147277217336,5192.498102389491,1310.248464651645,2.0825052343758483
2274.576271186441,9.249147277217336,5257.045918451424,1310.248464651645,2.0825052343758483
2300.0,9.249147277217336,5321.593734513357,1310.248464651645,2.0825052343758483
800.0,10.3979841848149,1503.3566482073147,1475.4503410965879,1.991436460311079
825.4237288135594,10.3979841848149,1567.904464269248,1475.4503410965879,1.991436460311079
850.8474576271186,10.3979841848149,1632.4522803311802,1475.4503410965879,1.991436460311079
876.271186440678,10.3979841848149,1697.0000963931134,1475.4503410965879,1.991436460311079
901.6949152542372,10.3979841848149,1761.5479124550461,1475.4503410965879,1.991436460311079
927.1186440677966,10.3979841848149,1826.0957285169789,1475.4503410965879,1.991436460311079
952.542372881356,10.3979841848149,1890.6435445789116,1475.4503410965879,1.991436460311079
977.9661016949153,10.3979841848149,1955.1913606408448,1475.4503410965879,1.991436460311079
1003.3898305084746,10.3979841848149,2019.7391767027775,1475.4503410965879,1.991436460311079
1028.8135593220338,10.3979841848149,2084.2869927647102,1475.4503410965879,1.991436460311079
1054.2372881355932,10.3979841848149,2148.834808826643,1475.4503410965879,1.991436460311079
1079.6610169491526,10.3979841848149,2213.3826248885757,1475.4503410965879,1.991436460311079
1105.084745762712,10.3979841848149,2277.930440950509,1475.4503410965879,1.991436460311079
1130.508474576271,10.3979841848149,2342.478257012441,1475.4503410965879,1.991436460311079
1155.9322033898306,10.3979841848149,2407.026073074375,1475.4503410965879,1.991436460311079
1181.3559322033898,10.3979841848149,2471.573889136307,1475.4503410965879,1.991436460311079
1206.7796610169491,10.3979841848149,2536.12170519824,1475.4503410965879,1.991436460311079
1232.2033898305085,10.3979841848149,2600.669521260173,1475.4503410965879,1.991436460311079
1257.6271186440677,10.3979841848149,2665.2173373221053,1475.4503410965879,1.991436460311079
1283.0508474576272,10.3979841848149,2729.765153384039,1475.4503410965879,1.991436460311079
1308.4745762711864,10.3979841848149,2794.3129694459712,1475.4503410965879,1.991436460311079
1333.8983050847457,10.3979841848149,2858.860785507904,1475.4503410965879,1.991436460311079
1359.322033898305,10.3979841848149,2923.408601569837,1475.4503410965879,1.991436460311079
1384.7457627118642,10.3979841848149,2987.9564176317695,1475.4503410965879,1.991436460311079
1410.1694915254238,10.3979841848149,3052.504233693703,1475.4503410965879,1.991436460311079
1435.593220338983,10.3979841848149,3117.0520497556354,1475.4503410965879,1.991436460311079
1461.0169491525423,10.3979841848149,3181.599865817568,1475.4503410965879,1.991436460311079
1486.4406779661017,10.3979841848149,3246.1476818795013,1475.4503410965879,1.991436460311079
1511.864406779661,10.3979841848149,3310.695497941434,1475.4503410965879,1.991436460311079
1537.2881355932204,10.3979841848149,3375.2433140033672,1475.4503410965879,1.991436460311079
1562.7118644067796,10.3979841848149,3439.7911300652995,1475.4503410965879,1.991436460311079
1588.135593220339,10.3979841848149,3504.3389461272322,1475.4503410965879,1.991436460311079
1613.5593220338983,10.3979841848149,3568.886762189165,1475.4503410965879,1.991436460311079
1638.9830508474577,10.3979841848149,3633.434578251098,1475.4503410965879,1.991436460311079
1664.406779661017,10.3979841848149,3697.9823943130314,1475.4503410965879,1.991436460311079
1689.8305084745762,10.3979841848149,3762.5302103749636,1475.4503410965879,1.991436460311079
1715.2542372881355,10.3979841848149,3827.078026436897,1475.4503410965879,1.991436460311079
1740.677966101695,10.3979841848149,3891.625842498829,1475.4503410965879,1.991436460311079
1766.1016949152543,10.3979841848149,3956.1736585607623,1475.4503410965879,1.991436460311079
1791.5254237288136,10.3979841848149,4020.7214746226955,1475.4503410965879,1.991436460311079
1816.9491525423728,10.3979841848149,4085.269290684628,1475.4503410965879,1.991436460311079
1842.3728813559321,10.3979841848149,4149.817106746561,1475.4503410965879,1.991436460311079
1867.7966101694915,10.3979841848149,4214.364922808493,1475.4503410965879,1.991436460311079
1893.2203389830509,10.3979841848149,4278.912738870426,1475.4503410965879,1.991436460311079
1918.6440677966102,10.3979841848149,4343.46055493236,1475.4503410965879,1.991436460311079
1944.0677966101696,10.3979841848149,4408.008370994292,1475.4503410965879,1.991436460311079
1969.4915254237287,10.3979841848149,4472.556187056224,1475.4503410965879,1.991436460311079
1994.915254237288,10.3979841848149,4537.104003118157,1475.4503410965879,1.991436460311079
2020.3389830508474,10.3979841848149,4601.651819180091,1475.4503410965879,1.991436460311079
2045.7627118644068,10.3979841848149,4666.199635242024,1475.4503410965879,1.991436460311079
2071.186440677966,10.3979841848149,4730.747451303956,1475.4503410965879,1.991436460311079
2096.610169491525,10.3979841848149,4795.295267365888,1475.4503410965879,1.991436460311079
2122.0338983050847,10.3979841848149,4859.8430834278215,1475.4503410965879,1.991436460311079
2147.4576271186443,10.3979841848149,4924.390899489756,1475.4503410965879,1.991436460311079
2172.8813559322034,10.3979841848149,4988.938715551688,1475.4503410965879,1.991436460311079
2198.3050847457625,10.3979841848149,5053.48653161362,1475.4503410965879,1.991436460311079
2223.728813559322,10.3979841848149,5118.034347675553,1475.4503410965879,1.991436460311079
2249.1525423728813,10.3979841848149,5182.582163737486,1475.4503410965879,1.991436460311079
2274.576271186441,10.3979841848149,5247.129979799419,1475.4503410965879,1.991436460311079
2300.0,10.3979841848149,5311.677795861352,1475.4503410965879,1.991436460311079
800.0,11.689518164985783,1492.2090504676703,1661.1719484070775,1.9035807767629005
825.4237288135594,11.689518164985783,1556.7568665296035,1661.1719484070775,1.9035807767629005
850.8474576271186,11.689518164985783,1621.3046825915358,1661.1719484070775,1.9035807767629005
876.271186440678,11.689518164985783,1685.852498653469,1661.1719484070775,1.9035807767629005
901.6949152542372,11.689518164985783,1750.4003147154017,1661.1719484070775,1.9035807767629005
927.1186440677966,11.689518164985783,1814.9481307773344,1661.1719484070775,1.9035807767629005
952.542372881356,11.689518164985783,1879.4959468392672,1661.1719484070775,1.9035807767629005
977.9661016949153,11.689518164985783,1944.0437629012004,1661.1719484070775,1.9035807767629005
1003.3898305084746,11.689518164985783,2008.591578963133,1661.1719484070775,1.9035807767629005
1028.8135593220338,11.689518164985783,2073.139395025066,1661.1719484070775,1.9035807767629005
1054.2372881355932,11.689518164985783,2137.6872110869986,1661.1719484070775,1.9035807767629005
1079.6610169491526,11.689518164985783,2202.2350271489313,1661.1719484070775,1.9035807767629005
1105.084745762712,11.689518164985783,2266.7828432108645,1661.1719484070775,1.9035807767629005
1130.508474576271,11.689518164985783,2331.3306592727968,1661.1719484070775,1.9035807767629005
1155.9322033898306,11.689518164985783,2395.8784753347304,1661.1719484070775,1.9035807767629005
1181.3559322033898,11.689518164985783,2460.4262913966627,1661.1719484070775,1.9035807767629005
1206.7796610169491,11.689518164985783,2524.9741074585954,1661.1719484070775,1.9035807767629005
1232.2033898305085,11.689518164985783,2589.5219235205286,1661.1719484070775,1.9035807767629005
1257.6271186440677,11.689518164985783,2654.069739582461,1661.1719484070775,1.9035807767629005
1283.0508474576272,11.689518164985783,2718.6175556443945,1661.1719484070775,1.9035807767629005
1308.4745762711864,11.689518164985783,2783.165371706327,1661.1719484070775,1.9035807767629005
1333.8983050847457,11.689518164985783,2847.7131877682596,1661.1719484070775,1.9035807767629005
1359.322033898305,11.689518164985783,2912.2610038301927,1661.1719484070775,1.9035807767629005
1384.7457627118642,11.689518164985783,2976.808819892125,1661.1719484070775,1.9035807767629005
1410.1694915254238,11.689518164985783,3041.3566359540587,1661.1719484070775,1.9035807767629005
1435.593220338983,11.689518164985783,3105.904452015991,1661.1719484070775,1.9035807767629005
1461.0169491525423,11.689518164985783,3170.4522680779237,1661.1719484070775,1.9035807767629005
1486.4406779661017,11.689518164985783,3235.000084139857,1661.1719484070775,1.9035807767629005
1511.864406779661,11.689518164985783,3299.5479002017896,1661.1719484070775,1.9035807767629005
1537.2881355932204,11.689518164985783,3364.095716263723,1661.1719484070775,1.9035807767629005
1562.7118644067796,11.689518164985783,3428.643532325655,1661.1719484070775,1.9035807767629005
1588.135593220339,11.689518164985783,3493.191348387588,1661.1719484070775,1.9035807767629005
1613.5593220338983,11.689518164985783,3557.7391644495206,1661.1719484070775,1.9035807767629005
1638.9830508474577,11.689518164985783,3622.2869805114537,1661.1719484070775,1.9035807767629005
1664.406779661017,11.689518164985783,3686.834796573387,1661.1719484070775,1.9035807767629005
1689.8305084745762,11.689518164985783,3751.382612635319,1661.1719484070775,1.9035807767629005
1715.2542372881355,11.689518164985783,3815.9304286972524,1661.1719484070775,1.9035807767629005
1740.677966101695,11.689518164985783,3880.4782447591847,1661.1719484070775,1.9035807767629005
1766.1016949152543,11.689518164985783,3945.026060821118,1661.1719484070775,1.9035807767629005
1791.5254237288136,11.689518164985783,4009.573876883051,1661.1719484070775,1.9035807767629005
1816.9491525423728,11.689518164985783,4074.1216929449834,1661.1719484070775,1.9035807767629005
1842.3728813559321,11.689518164985783,4138.669509006917,1661.1719484070775,1.9035807767629005
1867.7966101694915,11.689518164985783,4203.217325068848,1661.1719484070775,1.9035807767629005
1893.2203389830509,11.689518164985783,4267.765141130782,1661.1719484070775,1.9035807767629005
1918.6440677966102,11.689518164985783,4332.312957192715,1661.1719484070775,1.9035807767629005
1944.0677966101696,11.689518164985783,4396.860773254648,1661.1719484070775,1.9035807767629005
1969.4915254237287,11.689518164985783,4461.408589316579,1661.1719484070775,1.9035807767629005
1994.915254237288,11.689518164985783,4525.9564053785125,1661.1719484070775,1.9035807767629005
2020.3389830508474,11.689518164985783,4590.504221440446,1661.1719484070775,1.9035807767629005
2045.7627118644068,11.689518164985783,4655.052037502379,1661.1719484070775,1.9035807767629005
2071.186440677966,11.689518164985783,4719.599853564312,1661.1719484070775,1.9035807767629005
2096.610169491525,11.689518164985783,4784.147669626243,1661.1719484070775,1.9035807767629005
2122.0338983050847,11.689518164985783,4848.695485688177,1661.1719484070775,1.9035807767629005
2147.4576271186443,11.689518164985783,4913.243301750112,1661.1719484070775,1.9035807767629005
2172.8813559322034,11.689518164985783,4977.791117812043,1661.1719484070775,1.9035807767629005
2198.3050847457625,11.689518164985783,5042.338933873976,1661.1719484070775,1.9035807767629005
2223.728813559322,11.689518164985783,5106.886749935909,1661.1719484070775,1.9035807767629005
2249.1525423728813,11.689518164985783,5171.434565997841,1661.1719484070775,1.9035807767629005
2274.576271186441,11.689518164985783,5235.982382059774,1661.1719484070775,1.9035807767629005
2300.0,11.689518164985783,5300.530198121707,1661.1719484070775,1.9035807767629005
800.0,13.141473626117568,1479.6768092219263,1869.9620430733912,1.8133059818371629
825.4237288135594,13.141473626117568,1544.2246252838595,1869.9620430733912,1.8133059818371629
850.8474576271186,13.141473626117568,1608.7724413457918,1869.9620430733912,1.8133059818371629
876.271186440678,13.141473626117568,1673.320257407725,1869.9620430733912,1.8133059818371629
901.6949152542372,13.141473626117568,1737.8680734696577,1869.9620430733912,1.8133059818371629
927.1186440677966,13.141473626117568,1802.4158895315904,1869.9620430733912,1.8133059818371629
952.542372881356,13.141473626117568,1866.9637055935232,1869.9620430733912,1.8133059818371629
977.9661016949153,13.141473626117568,1931.5115216554564,1869.9620430733912,1.8133059818371629
1003.3898305084746,13.141473626117568,1996.059337717389,1869.9620430733912,1.8133059818371629
1028.8135593220338,13.141473626117568,2060.607153779322,1869.9620430733912,1.8133059818371629
1054.2372881355932,13.141473626117568,2125.1549698412546,1869.9620430733912,1.8133059818371629
1079.6610169491526,13.141473626117568,2189.7027859031873,1869.9620430733912,1.8133059818371629
1105.084745762712,13.141473626117568,2254.2506019651205,1869.9620430733912,1.8133059818371629
1130.508474576271,13.141473626117568,2318.798418027053,1869.9620430733912,1.8133059818371629
1155.9322033898306,13.141473626117568,2383.3462340889864,1869.9620430733912,1.8133059818371629
1181.3559322033898,13.141473626117568,2447.8940501509187,1869.9620430733912,1.8133059818371629
1206.7796610169491,13.141473626117568,2512.4418662128514,1869.9620430733912,1.8133059818371629
1232.2033898305085,13.141473626117568,2576.9896822747846,1869.9620430733912,1.8133059818371629
1257.6271186440677,13.141473626117568,2641.537498336717,1869.9620430733912,1.8133059818371629
1283.0508474576272,13.141473626117568,2706.0853143986506,1869.9620430733912,1.8133059818371629
1308.4745762711864,13.141473626117568,2770.633130460583,1869.9620430733912,1.8133059818371629
1333.8983050847457,13.141473626117568,2835.1809465225156,1869.9620430733912,1.8133059818371629
1359.322033898305,13.141473626117568,2899.7287625844488,1869.9620430733912,1.8133059818371629
1384.7457627118642,13.141473626117568,2964.276578646381,1869.9620430733912,1.8133059818371629
1410.1694915254238,13.141473626117568,3028.8243947083147,1869.9620430733912,1.8133059818371629
1435.593220338983,13.141473626117568,3093.372210770247,1869.9620430733912,1.8133059818371629
1461.0169491525423,13.141473626117568,3157.9200268321797,1869.9620430733912,1.8133059818371629
1486.4406779661017,13.141473626117568,3222.467842894113,1869.9620430733912,1.8133059818371629
1511.864406779661,13.141473626117568,3287.0156589560456,1869.9620430733912,1.8133059818371629
1537.2881355932204,13.141473626117568,3351.563475017979,1869.9620430733912,1.8133059818371629
1562.7118644067796,13.141473626117568,3416.111291079911,1869.9620430733912,1.8133059818371629
1588.135593220339,13.141473626117568,3480.659107141844,1869.9620430733912,1.8133059818371629
1613.5593220338983,13.141473626117568,3545.2069232037766,1869.9620430733912,1.8133059818371629
1638.9830508474577,13.141473626117568,3609.7547392657098,1869.9620430733912,1.8133059818371629
1664.406779661017,13.141473626117568,3674.302555327643,1869.9620430733912,1.8133059818371629
1689.8305084745762,13.141473626117568,3738.8503713895752,1869.9620430733912,1.8133059818371629
1715.2542372881355,13.141473626117568,3803.3981874515084,1869.9620430733912,1.8133059818371629
1740.677966101695,13.141473626117568,3867.9460035134407,1869.9620430733912,1.8133059818371629
1766.1016949152543,13.141473626117568,3932.493819575374,1869.9620430733912,1.8133059818371629
1791.5254237288136,13.141473626117568,3997.041635637307,1869.9620430733912,1.8133059818371629
1816.9491525423728,13.141473626117568,4061.5894516992394,1869.9620430733912,1.8133059818371629
1842.3728813559321,13.141473626117568,4126.137267761173,1869.9620430733912,1.8133059818371629
1867.7966101694915,13.141473626117568,4190.685083823105,1869.9620430733912,1.8133059818371629
1893.2203389830509,13.141473626117568,4255.232899885038,1869.9620430733912,1.8133059818371629
1918.6440677966102,13.141473626117568,4319.780715946971,1869.9620430733912,1.8133059818371629
1944.0677966101696,13.141473626117568,4384.3285320089035,1869.9620430733912,1.8133059818371629
1969.4915254237287,13.141473626117568,4448.876348070836,1869.9620430733912,1.8133059818371629
1994.915254237288,13.141473626117568,4513.424164132769,1869.9620430733912,1.8133059818371629
2020.3389830508474,13.141473626117568,4577.971980194702,1869.9620430733912,1.8133059818371629
2045.7627118644068,13.141473626117568,4642.519796256635,1869.9620430733912,1.8133059818371629
2071.186440677966,13.141473626117568,4707.067612318568,1869.9620430733912,1.8133059818371629
2096.610169491525,13.141473626117568,4771.6154283805,1869.9620430733912,1.8133059818371629
2122.0338983050847,13.141473626117568,4836.163244442433,1869.9620430733912,1.8133059818371629
2147.4576271186443,13.141473626117568,4900.711060504367,1869.9620430733912,1.8133059818371629
2172.8813559322034,13.141473626117568,4965.2588765662995,1869.9620430733912,1.8133059818371629
2198.3050847457625,13.141473626117568,5029.806692628232,1869.9620430733912,1.8133059818371629
2223.728813559322,13.141473626117568,5094.354508690165,1869.9620430733912,1.8133059818371629
2249.1525423728813,13.141473626117568,5158.902324752097,1869.9620430733912,1.8133059818371629
2274.576271186441,13.141473626117568,5223.45014081403,1869.9620430733912,1.8133059818371629
2300.0,13.141473626117568,5287.997956875964,1869.9620430733912,1.8133059818371629
800.0,14.773776525985111,1465.5879378516424,2104.685962718822,1.7211519320070985
825.4237288135594,14.773776525985111,1530.1357539135756,2104.685962718822,1.7211519320070985
850.8474576271186,14.773776525985111,1594.683569975508,2104.685962718822,1.7211519320070985
876.271186440678,14.773776525985111,1659.231386037441,2104.685962718822,1.7211519320070985
901.6949152542372,14.773776525985111,1723.7792020993738,2104.685962718822,1.7211519320070985
927.1186440677966,14.773776525985111,1788.3270181613066,2104.685962718822,1.7211519320070985
952.542372881356,14.773776525985111,1852.8748342232393,2104.685962718822,1.7211519320070985
977.9661016949153,14.773776525985111,1917.4226502851725,2104.685962718822,1.7211519320070985
1003.3898305084746,14.773776525985111,1981.9704663471052,2104.685962718822,1.7211519320070985
1028.8135593220338,14.773776525985111,2046.518282409038,2104.685962718822,1.7211519320070985
1054.2372881355932,14.773776525985111,2111.0660984709707,2104.685962718822,1.7211519320070985
1079.6610169491526,14.773776525985111,2175.6139145329034,2104.685962718822,1.7211519320070985
1105.084745762712,14.773776525985111,2240.1617305948366,2104.685962718822,1.7211519320070985
1130.508474576271,14.773776525985111,2304.709546656769,2104.685962718822,1.7211519320070985
1155.9322033898306,14.773776525985111,2369.2573627187026,2104.685962718822,1.7211519320070985
1181.3559322033898,14.773776525985111,2433.805178780635,2104.685962718822,1.7211519320070985
1206.7796610169491,14.773776525985111,2498.3529948425676,2104.685962718822,1.7211519320070985
1232.2033898305085,14.773776525985111,2562.9008109045008,2104.685962718822,1.7211519320070985
1257.6271186440677,14.773776525985111,2627.448626966433,2104.685962718822,1.7211519320070985
1283.0508474576272,14.773776525985111,2691.9964430283667,2104.685962718822,1.7211519320070985
1308.4745762711864,14.773776525985111,2756.544259090299,2104.685962718822,1.7211519320070985
1333.8983050847457,14.773776525985111,2821.0920751522317,2104.685962718822,1.7211519320070985
1359.322033898305,14.773776525985111,2885.639891214165,2104.685962718822,1.7211519320070985
1384.7457627118642,14.773776525985111,2950.187707276097,2104.685962718822,1.7211519320070985
1410.1694915254238,14.773776525985111,3014.735523338031,2104.685962718822,1.7211519320070985
1435.593220338983,14.773776525985111,3079.283339399963,2104.685962718822,1.7211519320070985
1461.0169491525423,14.773776525985111,3143.831155461896,2104.685962718822,1.7211519320070985
1486.4406779661017,14.773776525985111,3208.378971523829,2104.685962718822,1.7211519320070985
1511.864406779661,14.773776525985111,3272.9267875857618,2104.685962718822,1.7211519320070985
1537.2881355932204,14.773776525985111,3337.474603647695,2104.685962718822,1.7211519320070985
1562.7118644067796,14.773776525985111,3402.0224197096272,2104.685962718822,1.7211519320070985
1588.135593220339,14.773776525985111,3466.57023577156,2104.685962718822,1.7211519320070985
1613.5593220338983,14.773776525985111,3531.1180518334927,2104.685962718822,1.7211519320070985
1638.9830508474577,14.773776525985111,3595.665867895426,2104.685962718822,1.7211519320070985
1664.406779661017,14.773776525985111,3660.213683957359,2104.685962718822,1.7211519320070985
1689.8305084745762,14.773776525985111,3724.7615000192914,2104.685962718822,1.7211519320070985
1715.2542372881355,14.773776525985111,3789.3093160812246,2104.685962718822,1.7211519320070985
1740.677966101695,14.773776525985111,3853.857132143157,2104.685962718822,1.7211519320070985
1766.1016949152543,14.773776525985111,3918.40494820509,2104.685962718822,1.7211519320070985
1791.5254237288136,14.773776525985111,3982.952764267023,2104.685962718822,1.7211519320070985
1816.9491525423728,14.773776525985111,4047.5005803289555,2104.685962718822,1.7211519320070985
1842.3728813559321,14.773776525985111,4112.048396390888,2104.685962718822,1.7211519320070985
1867.7966101694915,14.773776525985111,4176.5962124528205,2104.685962718822,1.7211519320070985
1893.2203389830509,14.773776525985111,4241.144028514754,2104.685962718822,1.7211519320070985
1918.6440677966102,14.773776525985111,4305.691844576687,2104.685962718822,1.7211519320070985
1944.0677966101696,14.773776525985111,4370.239660638619,2104.685962718822,1.7211519320070985
1969.4915254237287,14.773776525985111,4434.787476700551,2104.685962718822,1.7211519320070985
1994.915254237288,14.773776525985111,4499.335292762485,2104.685962718822,1.7211519320070985
2020.3389830508474,14.773776525985111,4563.883108824418,2104.685962718822,1.7211519320070985
2045.7627118644068,14.773776525985111,4628.430924886351,2104.685962718822,1.7211519320070985
2071.186440677966,14.773776525985111,4692.978740948283,2104.685962718822,1.7211519320070985
2096.610169491525,14.773776525985111,4757.526557010216,2104.685962718822,1.7211519320070985
2122.0338983050847,14.773776525985111,4822.074373072149,2104.685962718822,1.7211519320070985
2147.4576271186443,14.773776525985111,4886.622189134083,2104.685962718822,1.7211519320070985
2172.8813559322034,14.773776525985111,4951.170005196015,2104.685962718822,1.7211519320070985
2198.3050847457625,14.773776525985111,5015.717821257947,2104.685962718822,1.7211519320070985
2223.728813559322,14.773776525985111,5080.265637319881,2104.685962718822,1.7211519320070985
2249.1525423728813,14.773776525985111,5144.813453381813,2104.685962718822,1.7211519320070985
2274.576271186441,14.773776525985111,5209.361269443746,2104.685962718822,1.7211519320070985
2300.0,14.773776525985111,5273.909085505679,2104.685962718822,1.7211519320070985
800.0,16.608827826277157,1449.74908727447,2368.5649486533257,1.6277072687784522
825.4237288135594,16.608827826277157,1514.2969033364031,2368.5649486533257,1.6277072687784522
850.8474576271186,16.608827826277157,1578.8447193983354,2368.5649486533257,1.6277072687784522
876.271186440678,16.608827826277157,1643.3925354602686,2368.5649486533257,1.6277072687784522
901.6949152542372,16.608827826277157,1707.9403515222014,2368.5649486533257,1.6277072687784522
927.1186440677966,16.608827826277157,1772.488167584134,2368.5649486533257,1.6277072687784522
952.542372881356,16.608827826277157,1837.0359836460668,2368.5649486533257,1.6277072687784522
977.9661016949153,16.608827826277157,1901.583799708,2368.5649486533257,1.6277072687784522
1003.3898305084746,16.608827826277157,1966.1316157699328,2368.5649486533257,1.6277072687784522
1028.8135593220338,16.608827826277157,2030.6794318318655,2368.5649486533257,1.6277072687784522
1054.2372881355932,16.608827826277157,2095.2272478937984,2368.5649486533257,1.6277072687784522
1079.6610169491526,16.608827826277157,2159.7750639557307,2368.5649486533257,1.6277072687784522
1105.084745762712,16.608827826277157,2224.322880017664,2368.5649486533257,1.6277072687784522
1130.508474576271,16.608827826277157,2288.870696079596,2368.5649486533257,1.6277072687784522
1155.9322033898306,16.608827826277157,2353.4185121415303,2368.5649486533257,1.6277072687784522
1181.3559322033898,16.608827826277157,2417.9663282034626,2368.5649486533257,1.6277072687784522
1206.7796610169491,16.608827826277157,2482.514144265395,2368.5649486533257,1.6277072687784522
1232.2033898305085,16.608827826277157,2547.061960327328,2368.5649486533257,1.6277072687784522
1257.6271186440677,16.608827826277157,2611.6097763892603,2368.5649486533257,1.6277072687784522
1283.0508474576272,16.608827826277157,2676.1575924511944,2368.5649486533257,1.6277072687784522
1308.4745762711864,16.608827826277157,2740.7054085131267,2368.5649486533257,1.6277072687784522
1333.8983050847457,16.608827826277157,2805.253224575059,2368.5649486533257,1.6277072687784522
1359.322033898305,16.608827826277157,2869.801040636992,2368.5649486533257,1.6277072687784522
1384.7457627118642,16.608827826277157,2934.3488566989245,2368.5649486533257,1.6277072687784522
1410.1694915254238,16.608827826277157,2998.8966727608586,2368.5649486533257,1.6277072687784522
1435.593220338983,16.608827826277157,3063.444488822791,2368.5649486533257,1.6277072687784522
1461.0169491525423,16.608827826277157,3127.992304884723,2368.5649486533257,1.6277072687784522
1486.4406779661017,16.608827826277157,3192.5401209466563,2368.5649486533257,1.6277072687784522
1511.864406779661,16.608827826277157,3257.0879370085895,2368.5649486533257,1.6277072687784522
1537.2881355932204,16.608827826277157,3321.6357530705227,2368.5649486533257,1.6277072687784522
1562.7118644067796,16.608827826277157,3386.183569132455,2368.5649486533257,1.6277072687784522
1588.135593220339,16.608827826277157,3450.7313851943873,2368.5649486533257,1.6277072687784522
1613.5593220338983,16.608827826277157,3515.2792012563204,2368.5649486533257,1.6277072687784522
1638.9830508474577,16.608827826277157,3579.8270173182536,2368.5649486533257,1.6277072687784522
1664.406779661017,16.608827826277157,3644.374833380187,2368.5649486533257,1.6277072687784522
1689.8305084745762,16.608827826277157,3708.922649442119,2368.5649486533257,1.6277072687784522
1715.2542372881355,16.608827826277157,3773.4704655040523,2368.5649486533257,1.6277072687784522
1740.677966101695,16.608827826277157,3838.0182815659846,2368.5649486533257,1.6277072687784522
1766.1016949152543,16.608827826277157,3902.5660976279178,2368.5649486533257,1.6277072687784522
1791.5254237288136,16.608827826277157,3967.113913689851,2368.5649486533257,1.6277072687784522
1816.9491525423728,16.608827826277157,4031.6617297517832,2368.5649486533257,1.6277072687784522
1842.3728813559321,16.608827826277157,4096.209545813716,2368.5649486533257,1.6277072687784522
1867.7966101694915,16.608827826277157,4160.757361875649,2368.5649486533257,1.6277072687784522
1893.2203389830509,16.608827826277157,4225.305177937582,2368.5649486533257,1.6277072687784522
1918.6440677966102,16.608827826277157,4289.852993999515,2368.5649486533257,1.6277072687784522
1944.0677966101696,16.608827826277157,4354.400810061447,2368.5649486533257,1.6277072687784522
1969.4915254237287,16.608827826277157,4418.94862612338,2368.5649486533257,1.6277072687784522
1994.915254237288,16.608827826277157,4483.496442185313,2368.5649486533257,1.6277072687784522
2020.3389830508474,16.608827826277157,4548.044258247246,2368.5649486533257,1.6277072687784522
2045.7627118644068,16.608827826277157,4612.592074309179,2368.5649486533257,1.6277072687784522
2071.186440677966,16.608827826277157,4677.1398903711115,2368.5649486533257,1.6277072687784522
2096.610169491525,16.608827826277157,4741.687706433044,2368.5649486533257,1.6277072687784522
2122.0338983050847,16.608827826277157,4806.235522494977,2368.5649486533257,1.6277072687784522
2147.4576271186443,16.608827826277157,4870.783338556911,2368.5649486533257,1.6277072687784522
2172.8813559322034,16.608827826277157,4935.331154618843,2368.5649486533257,1.6277072687784522
2198.3050847457625,16.608827826277157,4999.878970680776,2368.5649486533257,1.6277072687784522
2223.728813559322,16.608827826277157,5064.426786742709,2368.5649486533257,1.6277072687784522
2249.1525423728813,16.608827826277157,5128.974602804641,2368.5649486533257,1.6277072687784522
2274.576271186441,16.608827826277157,5193.522418866574,2368.5649486533257,1.6277072687784522
2300.0,16.608827826277157,5258.0702349285075,2368.5649486533257,1.6277072687784522
800.0,18.671810912919206,1431.9428925117636,2665.2203526828985,1.5335950186607064
825.4237288135594,18.671810912919206,1496.4907085736968,2665.2203526828985,1.5335950186607064
850.8474576271186,18.671810912919206,1561.038524635629,2665.2203526828985,1.5335950186607064
876.271186440678,18.671810912919206,1625.5863406975623,2665.2203526828985,1.5335950186607064
901.6949152542372,18.671810912919206,1690.134156759495,2665.2203526828985,1.5335950186607064
927.1186440677966,18.671810912919206,1754.6819728214277,2665.2203526828985,1.5335950186607064
952.542372881356,18.671810912919206,1819.2297888833605,2665.2203526828985,1.5335950186607064
977.9661016949153,18.671810912919206,1883.7776049452937,2665.2203526828985,1.5335950186607064
1003.3898305084746,18.671810912919206,1948.3254210072264,2665.2203526828985,1.5335950186607064
1028.8135593220338,18.671810912919206,2012.8732370691591,2665.2203526828985,1.5335950186607064
1054.2372881355932,18.671810912919206,2077.421053131092,2665.2203526828985,1.5335950186607064
1079.6610169491526,18.671810912919206,2141.9688691930246,2665.2203526828985,1.5335950186607064
1105.084745762712,18.671810912919206,2206.516685254958,2665.2203526828985,1.5335950186607064
1130.508474576271,18.671810912919206,2271.06450131689,2665.2203526828985,1.5335950186607064
1155.9322033898306,18.671810912919206,2335.6123173788237,2665.2203526828985,1.5335950186607064
1181.3559322033898,18.671810912919206,2400.160133440756,2665.2203526828985,1.5335950186607064
1206.7796610169491,18.671810912919206,2464.7079495026887,2665.2203526828985,1.5335950186607064
1232.2033898305085,18.671810912919206,2529.255765564622,2665.2203526828985,1.5335950186607064
1257.6271186440677,18.671810912919206,2593.803581626554,2665.2203526828985,1.5335950186607064
1283.0508474576272,18.671810912919206,2658.351397688488,2665.2203526828985,1.5335950186607064
1308.4745762711864,18.671810912919206,2722.89921375042,2665.2203526828985,1.5335950186607064
1333.8983050847457,18.671810912919206,2787.447029812353,2665.2203526828985,1.5335950186607064
1359.322033898305,18.671810912919206,2851.994845874286,2665.2203526828985,1.5335950186607064
1384.7457627118642,18.671810912919206,2916.5426619362183,2665.2203526828985,1.5335950186607064
1410.1694915254238,18.671810912919206,2981.090477998152,2665.2203526828985,1.5335950186607064
1435.593220338983,18.671810912919206,3045.6382940600843,2665.2203526828985,1.5335950186607064
1461.0169491525423,18.671810912919206,3110.186110122017,2665.2203526828985,1.5335950186607064
1486.4406779661017,18.671810912919206,3174.73392618395,2665.2203526828985,1.5335950186607064
1511.864406779661,18.671810912919206,3239.281742245883,2665.2203526828985,1.5335950186607064
1537.2881355932204,18.671810912919206,3303.829558307816,2665.2203526828985,1.5335950186607064
1562.7118644067796,18.671810912919206,3368.3773743697484,2665.2203526828985,1.5335950186607064
1588.135593220339,18.671810912919206,3432.925190431681,2665.2203526828985,1.5335950186607064
1613.5593220338983,18.671810912919206,3497.473006493614,2665.2203526828985,1.5335950186607064
1638.9830508474577,18.671810912919206,3562.020822555547,2665.2203526828985,1.5335950186607064
1664.406779661017,18.671810912919206,3626.5686386174802,2665.2203526828985,1.5335950186607064
1689.8305084745762,18.671810912919206,3691.1164546794125,2665.2203526828985,1.5335950186607064
1715.2542372881355,18.671810912919206,3755.6642707413457,2665.2203526828985,1.5335950186607064
1740.677966101695,18.671810912919206,3820.212086803278,2665.2203526828985,1.5335950186607064
1766.1016949152543,18.671810912919206,3884.759902865211,2665.2203526828985,1.5335950186607064
1791.5254237288136,18.671810912919206,3949.3077189271444,2665.2203526828985,1.5335950186607064
1816.9491525423728,18.671810912919206,4013.8555349890767,2665.2203526828985,1.5335950186607064
1842.3728813559321,18.671810912919206,4078.40335105101,2665.2203526828985,1.5335950186607064
1867.7966101694915,18.671810912919206,4142.951167112942,2665.2203526828985,1.5335950186607064
1893.2203389830509,18.671810912919206,4207.498983174875,2665.2203526828985,1.5335950186607064
1918.6440677966102,18.671810912919206,4272.0467992368085,2665.2203526828985,1.5335950186607064
1944.0677966101696,18.671810912919206,4336.594615298741,2665.2203526828985,1.5335950186607064
1969.4915254237287,18.671810912919206,4401.142431360673,2665.2203526828985,1.5335950186607064
1994.915254237288,18.671810912919206,4465.690247422606,2665.2203526828985,1.5335950186607064
2020.3389830508474,18.671810912919206,4530.238063484539,2665.2203526828985,1.5335950186607064
2045.7627118644068,18.671810912919206,4594.785879546473,2665.2203526828985,1.5335950186607064
2071.186440677966,18.671810912919206,4659.333695608405,2665.2203526828985,1.5335950186607064
2096.610169491525,18.671810912919206,4723.881511670337,2665.2203526828985,1.5335950186607064
2122.0338983050847,18.671810912919206,4788.42932773227,2665.2203526828985,1.5335950186607064
2147.4576271186443,18.671810912919206,4852.9771437942045,2665.2203526828985,1.5335950186607064
2172.8813559322034,18.671810912919206,4917.524959856137,2665.2203526828985,1.5335950186607064
2198.3050847457625,18.671810912919206,4982.072775918069,2665.2203526828985,1.5335950186607064
2223.728813559322,18.671810912919206,5046.620591980002,2665.2203526828985,1.5335950186607064
2249.1525423728813,18.671810912919206,5111.1684080419345,2665.2203526828985,1.5335950186607064
2274.576271186441,18.671810912919206,5175.716224103868,2665.2203526828985,1.5335950186607064
2300.0,18.671810912919206,5240.264040165801,2665.2203526828985,1.5335950186607064
800.0,20.991037201085547,1411.9249896732595,2998.7233348483446,1.4394562756912872
825.4237288135594,20.991037201085547,1476.4728057351927,2998.7233348483446,1.4394562756912872
850.8474576271186,20.991037201085547,1541.020621797125,2998.7233348483446,1.4394562756912872
876.271186440678,20.991037201085547,1605.5684378590581,2998.7233348483446,1.4394562756912872
901.6949152542372,20.991037201085547,1670.1162539209909,2998.7233348483446,1.4394562756912872
927.1186440677966,20.991037201085547,1734.6640699829236,2998.7233348483446,1.4394562756912872
952.542372881356,20.991037201085547,1799.2118860448563,2998.7233348483446,1.4394562756912872
977.9661016949153,20.991037201085547,1863.7597021067895,2998.7233348483446,1.4394562756912872
1003.3898305084746,20.991037201085547,1928.3075181687223,2998.7233348483446,1.4394562756912872
1028.8135593220338,20.991037201085547,1992.855334230655,2998.7233348483446,1.4394562756912872
1054.2372881355932,20.991037201085547,2057.4031502925877,2998.7233348483446,1.4394562756912872
1079.6610169491526,20.991037201085547,2121.9509663545205,2998.7233348483446,1.4394562756912872
1105.084745762712,20.991037201085547,2186.4987824164537,2998.7233348483446,1.4394562756912872
1130.508474576271,20.991037201085547,2251.046598478386,2998.7233348483446,1.4394562756912872
1155.9322033898306,20.991037201085547,2315.5944145403196,2998.7233348483446,1.4394562756912872
1181.3559322033898,20.991037201085547,2380.142230602252,2998.7233348483446,1.4394562756912872
1206.7796610169491,20.991037201085547,2444.6900466641846,2998.7233348483446,1.4394562756912872
1232.2033898305085,20.991037201085547,2509.237862726118,2998.7233348483446,1.4394562756912872
1257.6271186440677,20.991037201085547,2573.78567878805,2998.7233348483446,1.4394562756912872
1283.0508474576272,20.991037201085547,2638.3334948499837,2998.7233348483446,1.4394562756912872
1308.4745762711864,20.991037201085547,2702.881310911916,2998.7233348483446,1.4394562756912872
1333.8983050847457,20.991037201085547,2767.4291269738487,2998.7233348483446,1.4394562756912872
1359.322033898305,20.991037201085547,2831.976943035782,2998.7233348483446,1.4394562756912872
1384.7457627118642,20.991037201085547,2896.524759097714,2998.7233348483446,1.4394562756912872
1410.1694915254238,20.991037201085547,2961.072575159648,2998.7233348483446,1.4394562756912872
1435.593220338983,20.991037201085547,3025.62039122158,2998.7233348483446,1.4394562756912872
1461.0169491525423,20.991037201085547,3090.168207283513,2998.7233348483446,1.4394562756912872
1486.4406779661017,20.991037201085547,3154.716023345446,2998.7233348483446,1.4394562756912872
1511.864406779661,20.991037201085547,3219.263839407379,2998.7233348483446,1.4394562756912872
1537.2881355932204,20.991037201085547,3283.811655469312,2998.7233348483446,1.4394562756912872
1562.7118644067796,20.991037201085547,3348.3594715312443,2998.7233348483446,1.4394562756912872
1588.135593220339,20.991037201085547,3412.907287593177,2998.7233348483446,1.4394562756912872
1613.5593220338983,20.991037201085547,3477.4551036551097,2998.7233348483446,1.4394562756912872
1638.9830508474577,20.991037201085547,3542.002919717043,2998.7233348483446,1.4394562756912872
1664.406779661017,20.991037201085547,3606.550735778976,2998.7233348483446,1.4394562756912872
1689.8305084745762,20.991037201085547,3671.0985518409084,2998.7233348483446,1.4394562756912872
1715.2542372881355,20.991037201085547,3735.6463679028416,2998.7233348483446,1.4394562756912872
1740.677966101695,20.991037201085547,3800.194183964774,2998.7233348483446,1.4394562756912872
1766.1016949152543,20.991037201085547,3864.742000026707,2998.7233348483446,1.4394562756912872
1791.5254237288136,20.991037201085547,3929.2898160886402,2998.7233348483446,1.4394562756912872
1816.9491525423728,20.991037201085547,3993.8376321505725,2998.7233348483446,1.4394562756912872
1842.3728813559321,20.991037201085547,4058.3854482125057,2998.7233348483446,1.4394562756912872
1867.7966101694915,20.991037201085547,4122.933264274438,2998.7233348483446,1.4394562756912872
1893.2203389830509,20.991037201085547,4187.481080336372,2998.7233348483446,1.4394562756912872
1918.6440677966102,20.991037201085547,4252.028896398305,2998.7233348483446,1.4394562756912872
1944.0677966101696,20.991037201085547,4316.576712460237,2998.7233348483446,1.4394562756912872
1969.4915254237287,20.991037201085547,4381.124528522169,2998.7233348483446,1.4394562756912872
1994.915254237288,20.991037201085547,4445.672344584103,2998.7233348483446,1.4394562756912872
2020.3389830508474,20.991037201085547,4510.220160646036,2998.7233348483446,1.4394562756912872
2045.7627118644068,20.991037201085547,4574.767976707969,2998.7233348483446,1.4394562756912872
2071.186440677966,20.991037201085547,4639.315792769901,2998.7233348483446,1.4394562756912872
2096.610169491525,20.991037201085547,4703.8636088318335,2998.7233348483446,1.4394562756912872
2122.0338983050847,20.991037201085547,4768.411424893767,2998.7233348483446,1.4394562756912872
2147.4576271186443,20.991037201085547,4832.959240955701,2998.7233348483446,1.4394562756912872
2172.8813559322034,20.991037201085547,4897.507057017633,2998.7233348483446,1.4394562756912872
2198.3050847457625,20.991037201085547,4962.054873079565,2998.7233348483446,1.4394562756912872
2223.728813559322,20.991037201085547,5026.602689141499,2998.7233348483446,1.4394562756912872
2249.1525423728813,20.991037201085547,5091.150505203431,2998.7233348483446,1.4394562756912872
2274.576271186441,20.991037201085547,5155.698321265364,2998.7233348483446,1.4394562756912872
2300.0,20.991037201085547,5220.246137327297,2998.7233348483446,1.4394562756912872
800.0,23.59833466782195,1389.4206624213152,3373.6507341218717,1.3459328548664633
825.4237288135594,23.59833466782195,1453.9684784832484,3373.6507341218717,1.3459328548664633
850.8474576271186,23.59833466782195,1518.5162945451807,3373.6507341218717,1.3459328548664633
876.271186440678,23.59833466782195,1583.064110607114,3373.6507341218717,1.3459328548664633
901.6949152542372,23.59833466782195,1647.6119266690466,3373.6507341218717,1.3459328548664633
927.1186440677966,23.59833466782195,1712.1597427309794,3373.6507341218717,1.3459328548664633
952.542372881356,23.59833466782195,1776.707558792912,3373.6507341218717,1.3459328548664633
977.9661016949153,23.59833466782195,1841.2553748548453,3373.6507341218717,1.3459328548664633
1003.3898305084746,23.59833466782195,1905.803190916778,3373.6507341218717,1.3459328548664633
1028.8135593220338,23.59833466782195,1970.3510069787108,3373.6507341218717,1.3459328548664633
1054.2372881355932,23.59833466782195,2034.8988230406435,3373.6507341218717,1.3459328548664633
1079.6610169491526,23.59833466782195,2099.4466391025762,3373.6507341218717,1.3459328548664633
1105.084745762712,23.59833466782195,2163.9944551645094,3373.6507341218717,1.3459328548664633
1130.508474576271,23.59833466782195,2228.5422712264417,3373.6507341218717,1.3459328548664633
1155.9322033898306,23.59833466782195,2293.0900872883753,3373.6507341218717,1.3459328548664633
1181.3559322033898,23.59833466782195,2357.6379033503076,3373.6507341218717,1.3459328548664633
1206.7796610169491,23.59833466782195,2422.1857194122404,3373.6507341218717,1.3459328548664633
1232.2033898305085,23.59833466782195,2486.7335354741736,3373.6507341218717,1.3459328548664633
1257.6271186440677,23.59833466782195,2551.281351536106,3373.6507341218717,1.3459328548664633
1283.0508474576272,23.59833466782195,2615.8291675980395,3373.6507341218717,1.3459328548664633
1308.4745762711864,23.59833466782195,2680.3769836599718,3373.6507341218717,1.3459328548664633
1333.8983050847457,23.59833466782195,2744.9247997219045,3373.6507341218717,1.3459328548664633
1359.322033898305,23.59833466782195,2809.4726157838377,3373.6507341218717,1.3459328548664633
1384.7457627118642,23.59833466782195,2874.02043184577,3373.6507341218717,1.3459328548664633
1410.1694915254238,23.59833466782195,2938.5682479077036,3373.6507341218717,1.3459328548664633
1435.593220338983,23.59833466782195,3003.116063969636,3373.6507341218717,1.3459328548664633
1461.0169491525423,23.59833466782195,3067.6638800315686,3373.6507341218717,1.3459328548664633
1486.4406779661017,23.59833466782195,3132.211696093502,3373.6507341218717,1.3459328548664633
1511.864406779661,23.59833466782195,3196.7595121554345,3373.6507341218717,1.3459328548664633
1537.2881355932204,23.59833466782195,3261.3073282173677,3373.6507341218717,1.3459328548664633
1562.7118644067796,23.59833466782195,3325.8551442793,3373.6507341218717,1.3459328548664633
1588.135593220339,23.59833466782195,3390.4029603412328,3373.6507341218717,1.3459328548664633
1613.5593220338983,23.59833466782195,3454.9507764031655,3373.6507341218717,1.3459328548664633
1638.9830508474577,23.59833466782195,3519.4985924650987,3373.6507341218717,1.3459328548664633
1664.406779661017,23.59833466782195,3584.046408527032,3373.6507341218717,1.3459328548664633
1689.8305084745762,23.59833466782195,3648.594224588964,3373.6507341218717,1.3459328548664633
1715.2542372881355,23.59833466782195,3713.1420406508973,3373.6507341218717,1.3459328548664633
1740.677966101695,23.59833466782195,3777.6898567128296,3373.6507341218717,1.3459328548664633
1766.1016949152543,23.59833466782195,3842.237672774763,3373.6507341218717,1.3459328548664633
1791.5254237288136,23.59833466782195,3906.785488836696,3373.6507341218717,1.3459328548664633
1816.9491525423728,23.59833466782195,3971.3333048986283,3373.6507341218717,1.3459328548664633
1842.3728813559321,23.59833466782195,4035.8811209605615,3373.6507341218717,1.3459328548664633
1867.7966101694915,23.59833466782195,4100.428937022494,3373.6507341218717,1.3459328548664633
1893.2203389830509,23.59833466782195,4164.976753084427,3373.6507341218717,1.3459328548664633
1918.6440677966102,23.59833466782195,4229.524569146361,3373.6507341218717,1.3459328548664633
1944.0677966101696,23.59833466782195,4294.072385208293,3373.6507341218717,1.3459328548664633
1969.4915254237287,23.59833466782195,4358.620201270225,3373.6507341218717,1.3459328548664633
1994.915254237288,23.59833466782195,4423.168017332158,3373.6507341218717,1.3459328548664633
2020.3389830508474,23.59833466782195,4487.7158333940915,3373.6507341218717,1.3459328548664633
2045.7627118644068,23.59833466782195,4552.263649456025,3373.6507341218717,1.3459328548664633
2071.186440677966,23.59833466782195,4616.811465517957,3373.6507341218717,1.3459328548664633
2096.610169491525,23.59833466782195,4681.359281579889,3373.6507341218717,1.3459328548664633
2122.0338983050847,23.59833466782195,4745.9070976418225,3373.6507341218717,1.3459328548664633
2147.4576271186443,23.59833466782195,4810.454913703757,3373.6507341218717,1.3459328548664633
2172.8813559322034,23.59833466782195,4875.002729765689,3373.6507341218717,1.3459328548664633
2198.3050847457625,23.59833466782195,4939.550545827621,3373.6507341218717,1.3459328548664633
2223.728813559322,23.59833466782195,5004.098361889554,3373.6507341218717,1.3459328548664633
2249.1525423728813,23.59833466782195,5068.646177951487,3373.6507341218717,1.3459328548664633
2274.576271186441,23.59833466782195,5133.19399401342,3373.6507341218717,1.3459328548664633
2300.0,23.59833466782195,5197.741810075353,3373.6507341218717,1.3459328548664633
800.0,26.529484644318973,1364.1210718923585,3795.147878804898,1.2536499042035762
825.4237288135594,26.529484644318973,1428.6688879542917,3795.147878804898,1.2536499042035762
850.8474576271186,26.529484644318973,1493.216704016224,3795.147878804898,1.2536499042035762
876.271186440678,26.529484644318973,1557.7645200781571,3795.147878804898,1.2536499042035762
901.6949152542372,26.529484644318973,1622.3123361400899,3795.147878804898,1.2536499042035762
927.1186440677966,26.529484644318973,1686.8601522020226,3795.147878804898,1.2536499042035762
952.542372881356,26.529484644318973,1751.4079682639554,3795.147878804898,1.2536499042035762
977.9661016949153,26.529484644318973,1815.9557843258885,3795.147878804898,1.2536499042035762
1003.3898305084746,26.529484644318973,1880.5036003878213,3795.147878804898,1.2536499042035762
1028.8135593220338,26.529484644318973,1945.051416449754,3795.147878804898,1.2536499042035762
1054.2372881355932,26.529484644318973,2009.5992325116868,3795.147878804898,1.2536499042035762
1079.6610169491526,26.529484644318973,2074.1470485736195,3795.147878804898,1.2536499042035762
1105.084745762712,26.529484644318973,2138.6948646355527,3795.147878804898,1.2536499042035762
1130.508474576271,26.529484644318973,2203.242680697485,3795.147878804898,1.2536499042035762
1155.9322033898306,26.529484644318973,2267.7904967594186,3795.147878804898,1.2536499042035762
1181.3559322033898,26.529484644318973,2332.338312821351,3795.147878804898,1.2536499042035762
1206.7796610169491,26.529484644318973,2396.8861288832836,3795.147878804898,1.2536499042035762
1232.2033898305085,26.529484644318973,2461.433944945217,3795.147878804898,1.2536499042035762
1257.6271186440677,26.529484644318973,2525.981761007149,3795.147878804898,1.2536499042035762
1283.0508474576272,26.529484644318973,2590.5295770690827,3795.147878804898,1.2536499042035762
1308.4745762711864,26.529484644318973,2655.077393131015,3795.147878804898,1.2536499042035762
1333.8983050847457,26.529484644318973,2719.6252091929478,3795.147878804898,1.2536499042035762
1359.322033898305,26.529484644318973,2784.173025254881,3795.147878804898,1.2536499042035762
1384.7457627118642,26.529484644318973,2848.720841316813,3795.147878804898,1.2536499042035762
1410.1694915254238,26.529484644318973,2913.268657378747,3795.147878804898,1.2536499042035762
1435.593220338983,26.529484644318973,2977.816473440679,3795.147878804898,1.2536499042035762
1461.0169491525423,26.529484644318973,3042.364289502612,3795.147878804898,1.2536499042035762
1486.4406779661017,26.529484644318973,3106.912105564545,3795.147878804898,1.2536499042035762
1511.864406779661,26.529484644318973,3171.459921626478,3795.147878804898,1.2536499042035762
1537.2881355932204,26.529484644318973,3236.007737688411,3795.147878804898,1.2536499042035762
1562.7118644067796,26.529484644318973,3300.5555537503433,3795.147878804898,1.2536499042035762
1588.135593220339,26.529484644318973,3365.103369812276,3795.147878804898,1.2536499042035762
1613.5593220338983,26.529484644318973,3429.6511858742087,3795.147878804898,1.2536499042035762
1638.9830508474577,26.529484644318973,3494.199001936142,3795.147878804898,1.2536499042035762
1664.406779661017,26.529484644318973,3558.746817998075,3795.147878804898,1.2536499042035762
1689.8305084745762,26.529484644318973,3623.2946340600074,3795.147878804898,1.2536499042035762
1715.2542372881355,26.529484644318973,3687.8424501219406,3795.147878804898,1.2536499042035762
1740.677966101695,26.529484644318973,3752.390266183873,3795.147878804898,1.2536499042035762
1766.1016949152543,26.529484644318973,3816.938082245806,3795.147878804898,1.2536499042035762
1791.5254237288136,26.529484644318973,3881.4858983077393,3795.147878804898,1.2536499042035762
1816.9491525423728,26.529484644318973,3946.0337143696715,3795.147878804898,1.2536499042035762
1842.3728813559321,26.529484644318973,4010.5815304316047,3795.147878804898,1.2536499042035762
1867.7966101694915,26.529484644318973,4075.129346493537,3795.147878804898,1.2536499042035762
1893.2203389830509,26.529484644318973,4139.67716255547,3795.147878804898,1.2536499042035762
1918.6440677966102,26.529484644318973,4204.224978617403,3795.147878804898,1.2536499042035762
1944.0677966101696,26.529484644318973,4268.772794679336,3795.147878804898,1.2536499042035762
1969.4915254237287,26.529484644318973,4333.320610741268,3795.147878804898,1.2536499042035762
1994.915254237288,26.529484644318973,4397.868426803201,3795.147878804898,1.2536499042035762
2020.3389830508474,26.529484644318973,4462.416242865134,3795.147878804898,1.2536499042035762
2045.7627118644068,26.529484644318973,4526.9640589270675,3795.147878804898,1.2536499042035762
2071.186440677966,26.529484644318973,4591.511874989,3795.147878804898,1.2536499042035762
2096.610169491525,26.529484644318973,4656.059691050932,3795.147878804898,1.2536499042035762
2122.0338983050847,26.529484644318973,4720.607507112865,3795.147878804898,1.2536499042035762
2147.4576271186443,26.529484644318973,4785.155323174799,3795.147878804898,1.2536499042035762
2172.8813559322034,26.529484644318973,4849.703139236732,3795.147878804898,1.2536499042035762
2198.3050847457625,26.529484644318973,4914.250955298664,3795.147878804898,1.2536499042035762
2223.728813559322,26.529484644318973,4978.798771360597,3795.147878804898,1.2536499042035762
2249.1525423728813,26.529484644318973,5043.346587422529,3795.147878804898,1.2536499042035762
2274.576271186441,26.529484644318973,5107.894403484463,3795.147878804898,1.2536499042035762
2300.0,26.529484644318973,5172.442219546396,3795.147878804898,1.2536499042035762
800.0,29.824712862168912,1335.6790183367434,4268.999198607575,1.1631994671909156
825.4237288135594,29.824712862168912,1400.2268343986766,4268.999198607575,1.1631994671909156
850.8474576271186,29.824712862168912,1464.7746504606089,4268.999198607575,1.1631994671909156
876.271186440678,29.824712862168912,1529.322466522542,4268.999198607575,1.1631994671909156
901.6949152542372,29.824712862168912,1593.8702825844748,4268.999198607575,1.1631994671909156
927.1186440677966,29.824712862168912,1658.4180986464075,4268.999198607575,1.1631994671909156
952.542372881356,29.824712862168912,1722.9659147083403,4268.999198607575,1.1631994671909156
977.9661016949153,29.824712862168912,1787.5137307702735,4268.999198607575,1.1631994671909156
1003.3898305084746,29.824712862168912,1852.0615468322062,4268.999198607575,1.1631994671909156
1028.8135593220338,29.824712862168912,1916.609362894139,4268.999198607575,1.1631994671909156
1054.2372881355932,29.824712862168912,1981.1571789560717,4268.999198607575,1.1631994671909156
1079.6610169491526,29.824712862168912,2045.7049950180044,4268.999198607575,1.1631994671909156
1105.084745762712,29.824712862168912,2110.2528110799376,4268.999198607575,1.1631994671909156
1130.508474576271,29.824712862168912,2174.80062714187,4268.999198607575,1.1631994671909156
1155.9322033898306,29.824712862168912,2239.3484432038035,4268.999198607575,1.1631994671909156
1181.3559322033898,29.824712862168912,2303.896259265736,4268.999198607575,1.1631994671909156
1206.7796610169491,29.824712862168912,2368.4440753276685,4268.999198607575,1.1631994671909156
1232.2033898305085,29.824712862168912,2432.9918913896017,4268.999198607575,1.1631994671909156
1257.6271186440677,29.824712862168912,2497.539707451534,4268.999198607575,1.1631994671909156
1283.0508474576272,29.824712862168912,2562.0875235134677,4268.999198607575,1.1631994671909156
1308.4745762711864,29.824712862168912,2626.6353395754,4268.999198607575,1.1631994671909156
1333.8983050847457,29.824712862168912,2691.1831556373327,4268.999198607575,1.1631994671909156
1359.322033898305,29.824712862168912,2755.730971699266,4268.999198607575,1.1631994671909156
1384.7457627118642,29.824712862168912,2820.278787761198,4268.999198607575,1.1631994671909156
1410.1694915254238,29.824712862168912,2884.826603823132,4268.999198607575,1.1631994671909156
1435.593220338983,29.824712862168912,2949.374419885064,4268.999198607575,1.1631994671909156
1461.0169491525423,29.824712862168912,3013.922235946997,4268.999198607575,1.1631994671909156
1486.4406779661017,29.824712862168912,3078.47005200893,4268.999198607575,1.1631994671909156
1511.864406779661,29.824712862168912,3143.0178680708627,4268.999198607575,1.1631994671909156
1537.2881355932204,29.824712862168912,3207.565684132796,4268.999198607575,1.1631994671909156
1562.7118644067796,29.824712862168912,3272.113500194728,4268.999198607575,1.1631994671909156
1588.135593220339,29.824712862168912,3336.661316256661,4268.999198607575,1.1631994671909156
1613.5593220338983,29.824712862168912,3401.2091323185937,4268.999198607575,1.1631994671909156
1638.9830508474577,29.824712862168912,3465.756948380527,4268.999198607575,1.1631994671909156
1664.406779661017,29.824712862168912,3530.30476444246,4268.999198607575,1.1631994671909156
1689.8305084745762,29.824712862168912,3594.8525805043923,4268.999198607575,1.1631994671909156
1715.2542372881355,29.824712862168912,3659.4003965663255,4268.999198607575,1.1631994671909156
1740.677966101695,29.824712862168912,3723.948212628258,4268.999198607575,1.1631994671909156
1766.1016949152543,29.824712862168912,3788.496028690191,4268.999198607575,1.1631994671909156
1791.5254237288136,29.824712862168912,3853.043844752124,4268.999198607575,1.1631994671909156
1816.9491525423728,29.824712862168912,3917.5916608140565,4268.999198607575,1.1631994671909156
1842.3728813559321,29.824712862168912,3982.1394768759897,4268.999198607575,1.1631994671909156
1867.7966101694915,29.824712862168912,4046.687292937922,4268.999198607575,1.1631994671909156
1893.2203389830509,29.824712862168912,4111.235108999856,4268.999198607575,1.1631994671909156
1918.6440677966102,29.824712862168912,4175.782925061789,4268.999198607575,1.1631994671909156
1944.0677966101696,29.824712862168912,4240.33074112372,4268.999198607575,1.1631994671909156
1969.4915254237287,29.824712862168912,4304.878557185653,4268.999198607575,1.1631994671909156
1994.915254237288,29.824712862168912,4369.4263732475865,4268.999198607575,1.1631994671909156
2020.3389830508474,29.824712862168912,4433.97418930952,4268.999198607575,1.1631994671909156
2045.7627118644068,29.824712862168912,4498.522005371453,4268.999198607575,1.1631994671909156
2071.186440677966,29.824712862168912,4563.069821433384,4268.999198607575,1.1631994671909156
2096.610169491525,29.824712862168912,4627.6176374953175,4268.999198607575,1.1631994671909156
2122.0338983050847,29.824712862168912,4692.165453557251,4268.999198607575,1.1631994671909156
2147.4576271186443,29.824712862168912,4756.713269619184,4268.999198607575,1.1631994671909156
2172.8813559322034,29.824712862168912,4821.261085681117,4268.999198607575,1.1631994671909156
2198.3050847457625,29.824712862168912,4885.808901743048,4268.999198607575,1.1631994671909156
2223.728813559322,29.824712862168912,4950.356717804982,4268.999198607575,1.1631994671909156
2249.1525423728813,29.824712862168912,5014.904533866915,4268.999198607575,1.1631994671909156
2274.576271186441,29.824712862168912,5079.452349928848,4268.999198607575,1.1631994671909156
2300.0,29.824712862168912,5144.000165990781,4268.999198607575,1.1631994671909156
800.0,33.52924149249558,1303.7041763117475,4801.707607457157,1.0751258954812868
825.4237288135594,33.52924149249558,1368.2519923736807,4801.707607457157,1.0751258954812868
850.8474576271186,33.52924149249558,1432.799808435613,4801.707607457157,1.0751258954812868
876.271186440678,33.52924149249558,1497.3476244975461,4801.707607457157,1.0751258954812868
901.6949152542372,33.52924149249558,1561.8954405594789,4801.707607457157,1.0751258954812868
927.1186440677966,33.52924149249558,1626.4432566214116,4801.707607457157,1.0751258954812868
952.542372881356,33.52924149249558,1690.9910726833443,4801.707607457157,1.0751258954812868
977.9661016949153,33.52924149249558,1755.5388887452775,4801.707607457157,1.0751258954812868
1003.3898305084746,33.52924149249558,1820.0867048072103,4801.707607457157,1.0751258954812868
1028.8135593220338,33.52924149249558,1884.634520869143,4801.707607457157,1.0751258954812868
1054.2372881355932,33.52924149249558,1949.1823369310757,4801.707607457157,1.0751258954812868
1079.6610169491526,33.52924149249558,2013.7301529930085,4801.707607457157,1.0751258954812868
1105.084745762712,33.52924149249558,2078.2779690549414,4801.707607457157,1.0751258954812868
1130.508474576271,33.52924149249558,2142.8257851168737,4801.707607457157,1.0751258954812868
1155.9322033898306,33.52924149249558,2207.373601178808,4801.707607457157,1.0751258954812868
1181.3559322033898,33.52924149249558,2271.92141724074,4801.707607457157,1.0751258954812868
1206.7796610169491,33.52924149249558,2336.4692333026724,4801.707607457157,1.0751258954812868
1232.2033898305085,33.52924149249558,2401.0170493646056,4801.707607457157,1.0751258954812868
1257.6271186440677,33.52924149249558,2465.564865426538,4801.707607457157,1.0751258954812868
1283.0508474576272,33.52924149249558,2530.112681488472,4801.707607457157,1.0751258954812868
1308.4745762711864,33.52924149249558,2594.660497550404,4801.707607457157,1.0751258954812868
1333.8983050847457,33.52924149249558,2659.2083136123365,4801.707607457157,1.0751258954812868
1359.322033898305,33.52924149249558,2723.7561296742697,4801.707607457157,1.0751258954812868
1384.7457627118642,33.52924149249558,2788.303945736202,4801.707607457157,1.0751258954812868
1410.1694915254238,33.52924149249558,2852.851761798136,4801.707607457157,1.0751258954812868
1435.593220338983,33.52924149249558,2917.3995778600683,4801.707607457157,1.0751258954812868
1461.0169491525423,33.52924149249558,2981.9473939220006,4801.707607457157,1.0751258954812868
1486.4406779661017,33.52924149249558,3046.495209983934,4801.707607457157,1.0751258954812868
1511.864406779661,33.52924149249558,3111.043026045867,4801.707607457157,1.0751258954812868
1537.2881355932204,33.52924149249558,3175.5908421078,4801.707607457157,1.0751258954812868
1562.7118644067796,33.52924149249558,3240.1386581697325,4801.707607457157,1.0751258954812868
1588.135593220339,33.52924149249558,3304.6864742316648,4801.707607457157,1.0751258954812868
1613.5593220338983,33.52924149249558,3369.234290293598,4801.707607457157,1.0751258954812868
1638.9830508474577,33.52924149249558,3433.782106355531,4801.707607457157,1.0751258954812868
1664.406779661017,33.52924149249558,3498.3299224174643,4801.707607457157,1.0751258954812868
1689.8305084745762,33.52924149249558,3562.8777384793966,4801.707607457157,1.0751258954812868
1715.2542372881355,33.52924149249558,3627.42555454133,4801.707607457157,1.0751258954812868
1740.677966101695,33.52924149249558,3691.973370603262,4801.707607457157,1.0751258954812868
1766.1016949152543,33.52924149249558,3756.5211866651953,4801.707607457157,1.0751258954812868
1791.5254237288136,33.52924149249558,3821.0690027271285,4801.707607457157,1.0751258954812868
1816.9491525423728,33.52924149249558,3885.6168187890607,4801.707607457157,1.0751258954812868
1842.3728813559321,33.52924149249558,3950.164634850994,4801.707607457157,1.0751258954812868
1867.7966101694915,33.52924149249558,4014.712450912926,4801.707607457157,1.0751258954812868
1893.2203389830509,33.52924149249558,4079.2602669748594,4801.707607457157,1.0751258954812868
1918.6440677966102,33.52924149249558,4143.808083036793,4801.707607457157,1.0751258954812868
1944.0677966101696,33.52924149249558,4208.355899098725,4801.707607457157,1.0751258954812868
1969.4915254237287,33.52924149249558,4272.903715160657,4801.707607457157,1.0751258954812868
1994.915254237288,33.52924149249558,4337.45153122259,4801.707607457157,1.0751258954812868
2020.3389830508474,33.52924149249558,4401.9993472845235,4801.707607457157,1.0751258954812868
2045.7627118644068,33.52924149249558,4466.547163346457,4801.707607457157,1.0751258954812868
2071.186440677966,33.52924149249558,4531.094979408389,4801.707607457157,1.0751258954812868
2096.610169491525,33.52924149249558,4595.642795470321,4801.707607457157,1.0751258954812868
2122.0338983050847,33.52924149249558,4660.1906115322545,4801.707607457157,1.0751258954812868
2147.4576271186443,33.52924149249558,4724.738427594189,4801.707607457157,1.0751258954812868
2172.8813559322034,33.52924149249558,4789.286243656121,4801.707607457157,1.0751258954812868
2198.3050847457625,33.52924149249558,4853.834059718053,4801.707607457157,1.0751258954812868
2223.728813559322,33.52924149249558,4918.381875779986,4801.707607457157,1.0751258954812868
2249.1525423728813,33.52924149249558,4982.929691841919,4801.707607457157,1.0751258954812868
2274.576271186441,33.52924149249558,5047.477507903852,4801.707607457157,1.0751258954812868
2300.0,33.52924149249558,5112.025323965785,4801.707607457157,1.0751258954812868
800.0,37.69390975388362,1267.7577380377224,5400.583746447813,0.9906609604034762
825.4237288135594,37.69390975388362,1332.3055540996556,5400.583746447813,0.9906609604034762
850.8474576271186,37.69390975388362,1396.853370161588,5400.583746447813,0.9906609604034762
876.271186440678,37.69390975388362,1461.401186223521,5400.583746447813,0.9906609604034762
901.6949152542372,37.69390975388362,1525.9490022854538,5400.583746447813,0.9906609604034762
927.1186440677966,37.69390975388362,1590.4968183473866,5400.583746447813,0.9906609604034762
952.542372881356,37.69390975388362,1655.0446344093193,5400.583746447813,0.9906609604034762
977.9661016949153,37.69390975388362,1719.5924504712525,5400.583746447813,0.9906609604034762
1003.3898305084746,37.69390975388362,1784.1402665331852,5400.583746447813,0.9906609604034762
1028.8135593220338,37.69390975388362,1848.688082595118,5400.583746447813,0.9906609604034762
1054.2372881355932,37.69390975388362,1913.2358986570507,5400.583746447813,0.9906609604034762
1079.6610169491526,37.69390975388362,1977.7837147189834,5400.583746447813,0.9906609604034762
1105.084745762712,37.69390975388362,2042.3315307809166,5400.583746447813,0.9906609604034762
1130.508474576271,37.69390975388362,2106.879346842849,5400.583746447813,0.9906609604034762
1155.9322033898306,37.69390975388362,2171.4271629047826,5400.583746447813,0.9906609604034762
1181.3559322033898,37.69390975388362,2235.974978966715,5400.583746447813,0.9906609604034762
1206.7796610169491,37.69390975388362,2300.5227950286476,5400.583746447813,0.9906609604034762
1232.2033898305085,37.69390975388362,2365.0706110905808,5400.583746447813,0.9906609604034762
1257.6271186440677,37.69390975388362,2429.618427152513,5400.583746447813,0.9906609604034762
1283.0508474576272,37.69390975388362,2494.1662432144467,5400.583746447813,0.9906609604034762
1308.4745762711864,37.69390975388362,2558.714059276379,5400.583746447813,0.9906609604034762
1333.8983050847457,37.69390975388362,2623.2618753383117,5400.583746447813,0.9906609604034762
1359.322033898305,37.69390975388362,2687.809691400245,5400.583746447813,0.9906609604034762
1384.7457627118642,37.69390975388362,2752.357507462177,5400.583746447813,0.9906609604034762
1410.1694915254238,37.69390975388362,2816.905323524111,5400.583746447813,0.9906609604034762
1435.593220338983,37.69390975388362,2881.453139586043,5400.583746447813,0.9906609604034762
1461.0169491525423,37.69390975388362,2946.000955647976,5400.583746447813,0.9906609604034762
1486.4406779661017,37.69390975388362,3010.548771709909,5400.583746447813,0.9906609604034762
1511.864406779661,37.69390975388362,3075.0965877718418,5400.583746447813,0.9906609604034762
1537.2881355932204,37.69390975388362,3139.644403833775,5400.583746447813,0.9906609604034762
1562.7118644067796,37.69390975388362,3204.1922198957072,5400.583746447813,0.9906609604034762
1588.135593220339,37.69390975388362,3268.74003595764,5400.583746447813,0.9906609604034762
1613.5593220338983,37.69390975388362,3333.2878520195727,5400.583746447813,0.9906609604034762
1638.9830508474577,37.69390975388362,3397.835668081506,5400.583746447813,0.9906609604034762
1664.406779661017,37.69390975388362,3462.383484143439,5400.583746447813,0.9906609604034762
1689.8305084745762,37.69390975388362,3526.9313002053714,5400.583746447813,0.9906609604034762
1715.2542372881355,37.69390975388362,3591.4791162673046,5400.583746447813,0.9906609604034762
1740.677966101695,37.69390975388362,3656.026932329237,5400.583746447813,0.9906609604034762
1766.1016949152543,37.69390975388362,3720.57474839117,5400.583746447813,0.9906609604034762
1791.5254237288136,37.69390975388362,3785.122564453103,5400.583746447813,0.9906609604034762
1816.9491525423728,37.69390975388362,3849.6703805150355,5400.583746447813,0.9906609604034762
1842.3728813559321,37.69390975388362,3914.2181965769687,5400.583746447813,0.9906609604034762
1867.7966101694915,37.69390975388362,3978.766012638901,5400.583746447813,0.9906609604034762
1893.2203389830509,37.69390975388362,4043.313828700834,5400.583746447813,0.9906609604034762
1918.6440677966102,37.69390975388362,4107.861644762767,5400.583746447813,0.9906609604034762
1944.0677966101696,37.69390975388362,4172.4094608247,5400.583746447813,0.9906609604034762
1969.4915254237287,37.69390975388362,4236.957276886632,5400.583746447813,0.9906609604034762
1994.915254237288,37.69390975388362,4301.505092948565,5400.583746447813,0.9906609604034762
2020.3389830508474,37.69390975388362,4366.052909010498,5400.583746447813,0.9906609604034762
2045.7627118644068,37.69390975388362,4430.6007250724315,5400.583746447813,0.9906609604034762
2071.186440677966,37.69390975388362,4495.148541134364,5400.583746447813,0.9906609604034762
2096.610169491525,37.69390975388362,4559.696357196296,5400.583746447813,0.9906609604034762
2122.0338983050847,37.69390975388362,4624.244173258229,5400.583746447813,0.9906609604034762
2147.4576271186443,37.69390975388362,4688.791989320163,5400.583746447813,0.9906609604034762
2172.8813559322034,37.69390975388362,4753.339805382096,5400.583746447813,0.9906609604034762
2198.3050847457625,37.69390975388362,4817.887621444028,5400.583746447813,0.9906609604034762
2223.728813559322,37.69390975388362,4882.435437505961,5400.583746447813,0.9906609604034762
2249.1525423728813,37.69390975388362,4946.983253567893,5400.583746447813,0.9906609604034762
2274.576271186441,37.69390975388362,5011.531069629827,5400.583746447813,0.9906609604034762
2300.0,37.69390975388362,5076.07888569176,5400.583746447813,0.9906609604034762
800.0,42.37587160604063,1227.3463914053234,6073.846311660346,0.9147956427459282
825.4237288135594,42.37587160604063,1291.8942074672566,6073.846311660346,0.9147956427459282
850.8474576271186,42.37587160604063,1356.4420235291889,6073.846311660346,0.9147956427459282
876.271186440678,42.37587160604063,1420.989839591122,6073.846311660346,0.9147956427459282
901.6949152542372,42.37587160604063,1485.5376556530548,6073.846311660346,0.9147956427459282
927.1186440677966,42.37587160604063,1550.0854717149875,6073.846311660346,0.9147956427459282
952.542372881356,42.37587160604063,1614.6332877769203,6073.846311660346,0.9147956427459282
977.9661016949153,42.37587160604063,1679.1811038388535,6073.846311660346,0.9147956427459282
1003.3898305084746,42.37587160604063,1743.7289199007862,6073.846311660346,0.9147956427459282
1028.8135593220338,42.37587160604063,1808.276735962719,6073.846311660346,0.9147956427459282
1054.2372881355932,42.37587160604063,1872.8245520246517,6073.846311660346,0.9147956427459282
1079.6610169491526,42.37587160604063,1937.3723680865844,6073.846311660346,0.9147956427459282
1105.084745762712,42.37587160604063,2001.9201841485176,6073.846311660346,0.9147956427459282
1130.508474576271,42.37587160604063,2066.4680002104496,6073.846311660346,0.9147956427459282
1155.9322033898306,42.37587160604063,2131.0158162723837,6073.846311660346,0.9147956427459282
1181.3559322033898,42.37587160604063,2195.563632334316,6073.846311660346,0.9147956427459282
1206.7796610169491,42.37587160604063,2260.1114483962483,6073.846311660346,0.9147956427459282
1232.2033898305085,42.37587160604063,2324.6592644581815,6073.846311660346,0.9147956427459282
1257.6271186440677,42.37587160604063,2389.207080520114,6073.846311660346,0.9147956427459282
1283.0508474576272,42.37587160604063,2453.754896582048,6073.846311660346,0.9147956427459282
1308.4745762711864,42.37587160604063,2518.30271264398,6073.846311660346,0.9147956427459282
1333.8983050847457,42.37587160604063,2582.8505287059124,6073.846311660346,0.9147956427459282
1359.322033898305,42.37587160604063,2647.3983447678456,6073.846311660346,0.9147956427459282
1384.7457627118642,42.37587160604063,2711.946160829778,6073.846311660346,0.9147956427459282
1410.1694915254238,42.37587160604063,2776.493976891712,6073.846311660346,0.9147956427459282
1435.593220338983,42.37587160604063,2841.0417929536443,6073.846311660346,0.9147956427459282
1461.0169491525423,42.37587160604063,2905.5896090155766,6073.846311660346,0.9147956427459282
1486.4406779661017,42.37587160604063,2970.1374250775098,6073.846311660346,0.9147956427459282
1511.864406779661,42.37587160604063,3034.685241139443,6073.846311660346,0.9147956427459282
1537.2881355932204,42.37587160604063,3099.233057201376,6073.846311660346,0.9147956427459282
1562.7118644067796,42.37587160604063,3163.7808732633084,6073.846311660346,0.9147956427459282
1588.135593220339,42.37587160604063,3228.3286893252407,6073.846311660346,0.9147956427459282
1613.5593220338983,42.37587160604063,3292.876505387174,6073.846311660346,0.9147956427459282
1638.9830508474577,42.37587160604063,3357.424321449107,6073.846311660346,0.9147956427459282
1664.406779661017,42.37587160604063,3421.9721375110403,6073.846311660346,0.9147956427459282
1689.8305084745762,42.37587160604063,3486.5199535729726,6073.846311660346,0.9147956427459282
1715.2542372881355,42.37587160604063,3551.0677696349057,6073.846311660346,0.9147956427459282
1740.677966101695,42.37587160604063,3615.615585696838,6073.846311660346,0.9147956427459282
1766.1016949152543,42.37587160604063,3680.163401758771,6073.846311660346,0.9147956427459282
1791.5254237288136,42.37587160604063,3744.7112178207044,6073.846311660346,0.9147956427459282
1816.9491525423728,42.37587160604063,3809.2590338826367,6073.846311660346,0.9147956427459282
1842.3728813559321,42.37587160604063,3873.80684994457,6073.846311660346,0.9147956427459282
1867.7966101694915,42.37587160604063,3938.354666006502,6073.846311660346,0.9147956427459282
1893.2203389830509,42.37587160604063,4002.9024820684353,6073.846311660346,0.9147956427459282
1918.6440677966102,42.37587160604063,4067.4502981303685,6073.846311660346,0.9147956427459282
1944.0677966101696,42.37587160604063,4131.998114192301,6073.846311660346,0.9147956427459282
1969.4915254237287,42.37587160604063,4196.545930254233,6073.846311660346,0.9147956427459282
1994.915254237288,42.37587160604063,4261.093746316166,6073.846311660346,0.9147956427459282
2020.3389830508474,42.37587160604063,4325.6415623780995,6073.846311660346,0.9147956427459282
2045.7627118644068,42.37587160604063,4390.189378440033,6073.846311660346,0.9147956427459282
2071.186440677966,42.37587160604063,4454.737194501965,6073.846311660346,0.9147956427459282
2096.610169491525,42.37587160604063,4519.285010563897,6073.846311660346,0.9147956427459282
2122.0338983050847,42.37587160604063,4583.83282662583,6073.846311660346,0.9147956427459282
2147.4576271186443,42.37587160604063,4648.3806426877645,6073.846311660346,0.9147956427459282
2172.8813559322034,42.37587160604063,4712.928458749697,6073.846311660346,0.9147956427459282
2198.3050847457625,42.37587160604063,4777.476274811629,6073.846311660346,0.9147956427459282
2223.728813559322,42.37587160604063,4842.024090873562,6073.846311660346,0.9147956427459282
2249.1525423728813,42.37587160604063,4906.571906935495,6073.846311660346,0.9147956427459282
2274.576271186441,42.37587160604063,4971.119722997428,6073.846311660346,0.9147956427459282
2300.0,42.37587160604063,5035.667539059361,6073.846311660346,0.9147956427459282
800.0,47.63938010401343,1181.915549990808,6830.734843703917,0.8422814640033857
825.4237288135594,47.63938010401343,1246.463366052741,6830.734843703917,0.8422814640033857
850.8474576271186,47.63938010401343,1311.0111821146734,6830.734843703917,0.8422814640033857
876.271186440678,47.63938010401343,1375.5589981766066,6830.734843703917,0.8422814640033857
901.6949152542372,47.63938010401343,1440.1068142385393,6830.734843703917,0.8422814640033857
927.1186440677966,47.63938010401343,1504.654630300472,6830.734843703917,0.8422814640033857
952.542372881356,47.63938010401343,1569.2024463624048,6830.734843703917,0.8422814640033857
977.9661016949153,47.63938010401343,1633.750262424338,6830.734843703917,0.8422814640033857
1003.3898305084746,47.63938010401343,1698.2980784862707,6830.734843703917,0.8422814640033857
1028.8135593220338,47.63938010401343,1762.8458945482034,6830.734843703917,0.8422814640033857
1054.2372881355932,47.63938010401343,1827.3937106101362,6830.734843703917,0.8422814640033857
1079.6610169491526,47.63938010401343,1891.941526672069,6830.734843703917,0.8422814640033857
1105.084745762712,47.63938010401343,1956.489342734002,6830.734843703917,0.8422814640033857
1130.508474576271,47.63938010401343,2021.0371587959344,6830.734843703917,0.8422814640033857
1155.9322033898306,47.63938010401343,2085.584974857868,6830.734843703917,0.8422814640033857
1181.3559322033898,47.63938010401343,2150.1327909198003,6830.734843703917,0.8422814640033857
1206.7796610169491,47.63938010401343,2214.680606981733,6830.734843703917,0.8422814640033857
1232.2033898305085,47.63938010401343,2279.228423043666,6830.734843703917,0.8422814640033857
1257.6271186440677,47.63938010401343,2343.7762391055985,6830.734843703917,0.8422814640033857
1283.0508474576272,47.63938010401343,2408.324055167532,6830.734843703917,0.8422814640033857
1308.4745762711864,47.63938010401343,2472.8718712294644,6830.734843703917,0.8422814640033857
1333.8983050847457,47.63938010401343,2537.419687291397,6830.734843703917,0.8422814640033857
1359.322033898305,47.63938010401343,2601.9675033533304,6830.734843703917,0.8422814640033857
1384.7457627118642,47.63938010401343,2666.5153194152626,6830.734843703917,0.8422814640033857
1410.1694915254238,47.63938010401343,2731.0631354771963,6830.734843703917,0.8422814640033857
1435.593220338983,47.63938010401343,2795.6109515391286,6830.734843703917,0.8422814640033857
1461.0169491525423,47.63938010401343,2860.1587676010613,6830.734843703917,0.8422814640033857
1486.4406779661017,47.63938010401343,2924.7065836629945,6830.734843703917,0.8422814640033857
1511.864406779661,47.63938010401343,2989.254399724927,6830.734843703917,0.8422814640033857
1537.2881355932204,47.63938010401343,3053.8022157868604,6830.734843703917,0.8422814640033857
1562.7118644067796,47.63938010401343,3118.3500318487927,6830.734843703917,0.8422814640033857
1588.135593220339,47.63938010401343,3182.8978479107254,6830.734843703917,0.8422814640033857
1613.5593220338983,47.63938010401343,3247.445663972658,6830.734843703917,0.8422814640033857
1638.9830508474577,47.63938010401343,3311.9934800345914,6830.734843703917,0.8422814640033857
1664.406779661017,47.63938010401343,3376.5412960965245,6830.734843703917,0.8422814640033857
1689.8305084745762,47.63938010401343,3441.089112158457,6830.734843703917,0.8422814640033857
1715.2542372881355,47.63938010401343,3505.63692822039,6830.734843703917,0.8422814640033857
1740.677966101695,47.63938010401343,3570.1847442823223,6830.734843703917,0.8422814640033857
1766.1016949152543,47.63938010401343,3634.7325603442555,6830.734843703917,0.8422814640033857
1791.5254237288136,47.63938010401343,3699.2803764061887,6830.734843703917,0.8422814640033857
1816.9491525423728,47.63938010401343,3763.828192468121,6830.734843703917,0.8422814640033857
1842.3728813559321,47.63938010401343,3828.376008530054,6830.734843703917,0.8422814640033857
1867.7966101694915,47.63938010401343,3892.9238245919864,6830.734843703917,0.8422814640033857
1893.2203389830509,47.63938010401343,3957.4716406539196,6830.734843703917,0.8422814640033857
1918.6440677966102,47.63938010401343,4022.019456715853,6830.734843703917,0.8422814640033857
1944.0677966101696,47.63938010401343,4086.567272777785,6830.734843703917,0.8422814640033857
1969.4915254237287,47.63938010401343,4151.115088839717,6830.734843703917,0.8422814640033857
1994.915254237288,47.63938010401343,4215.66290490165,6830.734843703917,0.8422814640033857
2020.3389830508474,47.63938010401343,4280.210720963583,6830.734843703917,0.8422814640033857
2045.7627118644068,47.63938010401343,4344.7585370255165,6830.734843703917,0.8422814640033857
2071.186440677966,47.63938010401343,4409.30635308745,6830.734843703917,0.8422814640033857
2096.610169491525,47.63938010401343,4473.854169149381,6830.734843703917,0.8422814640033857
2122.0338983050847,47.63938010401343,4538.401985211314,6830.734843703917,0.8422814640033857
2147.4576271186443,47.63938010401343,4602.949801273249,6830.734843703917,0.8422814640033857
2172.8813559322034,47.63938010401343,4667.497617335181,6830.734843703917,0.8422814640033857
2198.3050847457625,47.63938010401343,4732.045433397114,6830.734843703917,0.8422814640033857
2223.728813559322,47.63938010401343,4796.593249459047,6830.734843703917,0.8422814640033857
2249.1525423728813,47.63938010401343,4861.141065520978,6830.734843703917,0.8422814640033857
2274.576271186441,47.63938010401343,4925.688881582912,6830.734843703917,0.8422814640033857
2300.0,47.63938010401343,4990.236697644845,6830.734843703917,0.8422814640033857
800.0,53.55666917706899,1130.8417421712957,7681.636526850714,0.7733638591348182
825.4237288135594,53.55666917706899,1195.3895582332289,7681.636526850714,0.7733638591348182
850.8474576271186,53.55666917706899,1259.9373742951611,7681.636526850714,0.7733638591348182
876.271186440678,53.55666917706899,1324.4851903570943,7681.636526850714,0.7733638591348182
901.6949152542372,53.55666917706899,1389.033006419027,7681.636526850714,0.7733638591348182
927.1186440677966,53.55666917706899,1453.5808224809598,7681.636526850714,0.7733638591348182
952.542372881356,53.55666917706899,1518.1286385428925,7681.636526850714,0.7733638591348182
977.9661016949153,53.55666917706899,1582.6764546048257,7681.636526850714,0.7733638591348182
1003.3898305084746,53.55666917706899,1647.2242706667585,7681.636526850714,0.7733638591348182
1028.8135593220338,53.55666917706899,1711.7720867286912,7681.636526850714,0.7733638591348182
1054.2372881355932,53.55666917706899,1776.319902790624,7681.636526850714,0.7733638591348182
1079.6610169491526,53.55666917706899,1840.8677188525567,7681.636526850714,0.7733638591348182
1105.084745762712,53.55666917706899,1905.4155349144899,7681.636526850714,0.7733638591348182
1130.508474576271,53.55666917706899,1969.9633509764221,7681.636526850714,0.7733638591348182
1155.9322033898306,53.55666917706899,2034.5111670383558,7681.636526850714,0.7733638591348182
1181.3559322033898,53.55666917706899,2099.058983100288,7681.636526850714,0.7733638591348182
1206.7796610169491,53.55666917706899,2163.606799162221,7681.636526850714,0.7733638591348182
1232.2033898305085,53.55666917706899,2228.154615224154,7681.636526850714,0.7733638591348182
1257.6271186440677,53.55666917706899,2292.7024312860863,7681.636526850714,0.7733638591348182
1283.0508474576272,53.55666917706899,2357.25024734802,7681.636526850714,0.7733638591348182
1308.4745762711864,53.55666917706899,2421.798063409952,7681.636526850714,0.7733638591348182
1333.8983050847457,53.55666917706899,2486.345879471885,7681.636526850714,0.7733638591348182
1359.322033898305,53.55666917706899,2550.893695533818,7681.636526850714,0.7733638591348182
1384.7457627118642,53.55666917706899,2615.4415115957504,7681.636526850714,0.7733638591348182
1410.1694915254238,53.55666917706899,2679.989327657684,7681.636526850714,0.7733638591348182
1435.593220338983,53.55666917706899,2744.5371437196163,7681.636526850714,0.7733638591348182
1461.0169491525423,53.55666917706899,2809.084959781549,7681.636526850714,0.7733638591348182
1486.4406779661017,53.55666917706899,2873.6327758434822,7681.636526850714,0.7733638591348182
1511.864406779661,53.55666917706899,2938.180591905415,7681.636526850714,0.7733638591348182
1537.2881355932204,53.55666917706899,3002.728407967348,7681.636526850714,0.7733638591348182
1562.7118644067796,53.55666917706899,3067.2762240292805,7681.636526850714,0.7733638591348182
1588.135593220339,53.55666917706899,3131.824040091213,7681.636526850714,0.7733638591348182
1613.5593220338983,53.55666917706899,3196.371856153146,7681.636526850714,0.7733638591348182
1638.9830508474577,53.55666917706899,3260.919672215079,7681.636526850714,0.7733638591348182
1664.406779661017,53.55666917706899,3325.4674882770123,7681.636526850714,0.7733638591348182
1689.8305084745762,53.55666917706899,3390.0153043389446,7681.636526850714,0.7733638591348182
1715.2542372881355,53.55666917706899,3454.563120400878,7681.636526850714,0.7733638591348182
1740.677966101695,53.55666917706899,3519.11093646281,7681.636526850714,0.7733638591348182
1766.1016949152543,53.55666917706899,3583.6587525247432,7681.636526850714,0.7733638591348182
1791.5254237288136,53.55666917706899,3648.2065685866764,7681.636526850714,0.7733638591348182
1816.9491525423728,53.55666917706899,3712.7543846486087,7681.636526850714,0.7733638591348182
1842.3728813559321,53.55666917706899,3777.302200710542,7681.636526850714,0.7733638591348182
1867.7966101694915,53.55666917706899,3841.850016772474,7681.636526850714,0.7733638591348182
1893.2203389830509,53.55666917706899,3906.3978328344074,7681.636526850714,0.7733638591348182
1918.6440677966102,53.55666917706899,3970.9456488963406,7681.636526850714,0.7733638591348182
1944.0677966101696,53.55666917706899,4035.493464958273,7681.636526850714,0.7733638591348182
1969.4915254237287,53.55666917706899,4100.041281020205,7681.636526850714,0.7733638591348182
1994.915254237288,53.55666917706899,4164.589097082138,7681.636526850714,0.7733638591348182
2020.3389830508474,53.55666917706899,4229.1369131440715,7681.636526850714,0.7733638591348182
2045.7627118644068,53.55666917706899,4293.684729206005,7681.636526850714,0.7733638591348182
2071.186440677966,53.55666917706899,4358.232545267937,7681.636526850714,0.7733638591348182
2096.610169491525,53.55666917706899,4422.780361329869,7681.636526850714,0.7733638591348182
2122.0338983050847,53.55666917706899,4487.3281773918025,7681.636526850714,0.7733638591348182
2147.4576271186443,53.55666917706899,4551.875993453737,7681.636526850714,0.7733638591348182
2172.8813559322034,53.55666917706899,4616.423809515669,7681.636526850714,0.7733638591348182
2198.3050847457625,53.55666917706899,4680.971625577601,7681.636526850714,0.7733638591348182
2223.728813559322,53.55666917706899,4745.519441639534,7681.636526850714,0.7733638591348182
2249.1525423728813,53.55666917706899,4810.067257701467,7681.636526850714,0.7733638591348182
2274.576271186441,53.55666917706899,4874.6150737634,7681.636526850714,0.7733638591348182
2300.0,53.55666917706899,4939.162889825333,7681.636526850714,0.7733638591348182
800.0,60.208944933361316,1073.4240548917671,8638.228737895564,0.7082179265436481
825.4237288135594,60.208944933361316,1137.9718709537003,8638.228737895564,0.7082179265436481
850.8474576271186,60.208944933361316,1202.5196870156326,8638.228737895564,0.7082179265436481
876.271186440678,60.208944933361316,1267.0675030775658,8638.228737895564,0.7082179265436481
901.6949152542372,60.208944933361316,1331.6153191394985,8638.228737895564,0.7082179265436481
927.1186440677966,60.208944933361316,1396.1631352014313,8638.228737895564,0.7082179265436481
952.542372881356,60.208944933361316,1460.710951263364,8638.228737895564,0.7082179265436481
977.9661016949153,60.208944933361316,1525.2587673252972,8638.228737895564,0.7082179265436481
1003.3898305084746,60.208944933361316,1589.80658338723,8638.228737895564,0.7082179265436481
1028.8135593220338,60.208944933361316,1654.3543994491627,8638.228737895564,0.7082179265436481
1054.2372881355932,60.208944933361316,1718.9022155110954,8638.228737895564,0.7082179265436481
1079.6610169491526,60.208944933361316,1783.4500315730281,8638.228737895564,0.7082179265436481
1105.084745762712,60.208944933361316,1847.9978476349613,8638.228737895564,0.7082179265436481
1130.508474576271,60.208944933361316,1912.5456636968936,8638.228737895564,0.7082179265436481
1155.9322033898306,60.208944933361316,1977.0934797588272,8638.228737895564,0.7082179265436481
1181.3559322033898,60.208944933361316,2041.6412958207595,8638.228737895564,0.7082179265436481
1206.7796610169491,60.208944933361316,2106.1891118826925,8638.228737895564,0.7082179265436481
1232.2033898305085,60.208944933361316,2170.7369279446257,8638.228737895564,0.7082179265436481
1257.6271186440677,60.208944933361316,2235.284744006558,8638.228737895564,0.7082179265436481
1283.0508474576272,60.208944933361316,2299.832560068491,8638.228737895564,0.7082179265436481
1308.4745762711864,60.208944933361316,2364.3803761304234,8638.228737895564,0.7082179265436481
1333.8983050847457,60.208944933361316,2428.9281921923566,8638.228737895564,0.7082179265436481
1359.322033898305,60.208944933361316,2493.47600825429,8638.228737895564,0.7082179265436481
1384.7457627118642,60.208944933361316,2558.023824316222,8638.228737895564,0.7082179265436481
1410.1694915254238,60.208944933361316,2622.5716403781553,8638.228737895564,0.7082179265436481
1435.593220338983,60.208944933361316,2687.1194564400876,8638.228737895564,0.7082179265436481
1461.0169491525423,60.208944933361316,2751.6672725020208,8638.228737895564,0.7082179265436481
1486.4406779661017,60.208944933361316,2816.215088563954,8638.228737895564,0.7082179265436481
1511.864406779661,60.208944933361316,2880.762904625886,8638.228737895564,0.7082179265436481
1537.2881355932204,60.208944933361316,2945.3107206878194,8638.228737895564,0.7082179265436481
1562.7118644067796,60.208944933361316,3009.8585367497517,8638.228737895564,0.7082179265436481
1588.135593220339,60.208944933361316,3074.406352811685,8638.228737895564,0.7082179265436481
1613.5593220338983,60.208944933361316,3138.954168873617,8638.228737895564,0.7082179265436481
1638.9830508474577,60.208944933361316,3203.5019849355504,8638.228737895564,0.7082179265436481
1664.406779661017,60.208944933361316,3268.0498009974835,8638.228737895564,0.7082179265436481
1689.8305084745762,60.208944933361316,3332.597617059416,8638.228737895564,0.7082179265436481
1715.2542372881355,60.208944933361316,3397.145433121349,8638.228737895564,0.7082179265436481
1740.677966101695,60.208944933361316,3461.6932491832813,8638.228737895564,0.7082179265436481
1766.1016949152543,60.208944933361316,3526.2410652452145,8638.228737895564,0.7082179265436481
1791.5254237288136,60.208944933361316,3590.7888813071477,8638.228737895564,0.7082179265436481
1816.9491525423728,60.208944933361316,3655.33669736908,8638.228737895564,0.7082179265436481
1842.3728813559321,60.208944933361316,3719.884513431013,8638.228737895564,0.7082179265436481
1867.7966101694915,60.208944933361316,3784.4323294929454,8638.228737895564,0.7082179265436481
1893.2203389830509,60.208944933361316,3848.9801455548786,8638.228737895564,0.7082179265436481
1918.6440677966102,60.208944933361316,3913.527961616812,8638.228737895564,0.7082179265436481
1944.0677966101696,60.208944933361316,3978.075777678744,8638.228737895564,0.7082179265436481
1969.4915254237287,60.208944933361316,4042.6235937406764,8638.228737895564,0.7082179265436481
1994.915254237288,60.208944933361316,4107.17140980261,8638.228737895564,0.7082179265436481
2020.3389830508474,60.208944933361316,4171.719225864543,8638.228737895564,0.7082179265436481
2045.7627118644068,60.208944933361316,4236.267041926476,8638.228737895564,0.7082179265436481
2071.186440677966,60.208944933361316,4300.814857988408,8638.228737895564,0.7082179265436481
2096.610169491525,60.208944933361316,4365.3626740503405,8638.228737895564,0.7082179265436481
2122.0338983050847,60.208944933361316,4429.910490112274,8638.228737895564,0.7082179265436481
2147.4576271186443,60.208944933361316,4494.458306174208,8638.228737895564,0.7082179265436481
2172.8813559322034,60.208944933361316,4559.00612223614,8638.228737895564,0.7082179265436481
2198.3050847457625,60.208944933361316,4623.553938298072,8638.228737895564,0.7082179265436481
2223.728813559322,60.208944933361316,4688.1017543600055,8638.228737895564,0.7082179265436481
2249.1525423728813,60.208944933361316,4752.649570421938,8638.228737895564,0.7082179265436481
2274.576271186441,60.208944933361316,4817.197386483871,8638.228737895564,0.7082179265436481
2300.0,60.208944933361316,4881.745202545804,8638.228737895564,0.7082179265436481
800.0,67.68750009458535,1008.8745146620648,9713.639301014407,0.6469514917010172
825.4237288135594,67.68750009458535,1073.4223307239981,9713.639301014407,0.6469514917010172
850.8474576271186,67.68750009458535,1137.9701467859304,9713.639301014407,0.6469514917010172
876.271186440678,67.68750009458535,1202.5179628478636,9713.639301014407,0.6469514917010172
901.6949152542372,67.68750009458535,1267.0657789097963,9713.639301014407,0.6469514917010172
927.1186440677966,67.68750009458535,1331.613594971729,9713.639301014407,0.6469514917010172
952.542372881356,67.68750009458535,1396.1614110336618,9713.639301014407,0.6469514917010172
977.9661016949153,67.68750009458535,1460.709227095595,9713.639301014407,0.6469514917010172
1003.3898305084746,67.68750009458535,1525.2570431575277,9713.639301014407,0.6469514917010172
1028.8135593220338,67.68750009458535,1589.8048592194605,9713.639301014407,0.6469514917010172
1054.2372881355932,67.68750009458535,1654.3526752813932,9713.639301014407,0.6469514917010172
1079.6610169491526,67.68750009458535,1718.900491343326,9713.639301014407,0.6469514917010172
1105.084745762712,67.68750009458535,1783.4483074052591,9713.639301014407,0.6469514917010172
1130.508474576271,67.68750009458535,1847.9961234671914,9713.639301014407,0.6469514917010172
1155.9322033898306,67.68750009458535,1912.543939529125,9713.639301014407,0.6469514917010172
1181.3559322033898,67.68750009458535,1977.0917555910573,9713.639301014407,0.6469514917010172
1206.7796610169491,67.68750009458535,2041.63957165299,9713.639301014407,0.6469514917010172
1232.2033898305085,67.68750009458535,2106.1873877149233,9713.639301014407,0.6469514917010172
1257.6271186440677,67.68750009458535,2170.7352037768555,9713.639301014407,0.6469514917010172
1283.0508474576272,67.68750009458535,2235.283019838789,9713.639301014407,0.6469514917010172
1308.4745762711864,67.68750009458535,2299.8308359007215,9713.639301014407,0.6469514917010172
1333.8983050847457,67.68750009458535,2364.378651962654,9713.639301014407,0.6469514917010172
1359.322033898305,67.68750009458535,2428.9264680245874,9713.639301014407,0.6469514917010172
1384.7457627118642,67.68750009458535,2493.4742840865197,9713.639301014407,0.6469514917010172
1410.1694915254238,67.68750009458535,2558.0221001484533,9713.639301014407,0.6469514917010172
1435.593220338983,67.68750009458535,2622.5699162103856,9713.639301014407,0.6469514917010172
1461.0169491525423,67.68750009458535,2687.1177322723183,9713.639301014407,0.6469514917010172
1486.4406779661017,67.68750009458535,2751.6655483342515,9713.639301014407,0.6469514917010172
1511.864406779661,67.68750009458535,2816.2133643961843,9713.639301014407,0.6469514917010172
1537.2881355932204,67.68750009458535,2880.7611804581175,9713.639301014407,0.6469514917010172
1562.7118644067796,67.68750009458535,2945.3089965200497,9713.639301014407,0.6469514917010172
1588.135593220339,67.68750009458535,3009.8568125819825,9713.639301014407,0.6469514917010172
1613.5593220338983,67.68750009458535,3074.404628643915,9713.639301014407,0.6469514917010172
1638.9830508474577,67.68750009458535,3138.9524447058484,9713.639301014407,0.6469514917010172
1664.406779661017,67.68750009458535,3203.5002607677816,9713.639301014407,0.6469514917010172
1689.8305084745762,67.68750009458535,3268.048076829714,9713.639301014407,0.6469514917010172
1715.2542372881355,67.68750009458535,3332.595892891647,9713.639301014407,0.6469514917010172
1740.677966101695,67.68750009458535,3397.1437089535793,9713.639301014407,0.6469514917010172
1766.1016949152543,67.68750009458535,3461.6915250155125,9713.639301014407,0.6469514917010172
1791.5254237288136,67.68750009458535,3526.2393410774457,9713.639301014407,0.6469514917010172
1816.9491525423728,67.68750009458535,3590.787157139378,9713.639301014407,0.6469514917010172
1842.3728813559321,67.68750009458535,3655.334973201311,9713.639301014407,0.6469514917010172
1867.7966101694915,67.68750009458535,3719.8827892632435,9713.639301014407,0.6469514917010172
1893.2203389830509,67.68750009458535,3784.4306053251767,9713.639301014407,0.6469514917010172
1918.6440677966102,67.68750009458535,3848.97842138711,9713.639301014407,0.6469514917010172
1944.0677966101696,67.68750009458535,3913.526237449042,9713.639301014407,0.6469514917010172
1969.4915254237287,67.68750009458535,3978.0740535109744,9713.639301014407,0.6469514917010172
1994.915254237288,67.68750009458535,4042.6218695729076,9713.639301014407,0.6469514917010172
2020.3389830508474,67.68750009458535,4107.169685634841,9713.639301014407,0.6469514917010172
2045.7627118644068,67.68750009458535,4171.717501696774,9713.639301014407,0.6469514917010172
2071.186440677966,67.68750009458535,4236.265317758706,9713.639301014407,0.6469514917010172
2096.610169491525,67.68750009458535,4300.8131338206385,9713.639301014407,0.6469514917010172
2122.0338983050847,67.68750009458535,4365.360949882572,9713.639301014407,0.6469514917010172
2147.4576271186443,67.68750009458535,4429.908765944506,9713.639301014407,0.6469514917010172
2172.8813559322034,67.68750009458535,4494.456582006438,9713.639301014407,0.6469514917010172
2198.3050847457625,67.68750009458535,4559.00439806837,9713.639301014407,0.6469514917010172
2223.728813559322,67.68750009458535,4623.552214130304,9713.639301014407,0.6469514917010172
2249.1525423728813,67.68750009458535,4688.100030192236,9713.639301014407,0.6469514917010172
2274.576271186441,67.68750009458535,4752.647846254169,9713.639301014407,0.6469514917010172
2300.0,67.68750009458535,4817.195662316102,9713.639301014407,0.6469514917010172
800.0,76.0949668545988,936.3072737771893,10922.626647884383,0.5896101197041878
825.4237288135594,76.0949668545988,1000.8550898391225,10922.626647884383,0.5896101197041878
850.8474576271186,76.0949668545988,1065.4029059010547,10922.626647884383,0.5896101197041878
876.271186440678,76.0949668545988,1129.950721962988,10922.626647884383,0.5896101197041878
901.6949152542372,76.0949668545988,1194.4985380249207,10922.626647884383,0.5896101197041878
927.1186440677966,76.0949668545988,1259.0463540868534,10922.626647884383,0.5896101197041878
952.542372881356,76.0949668545988,1323.5941701487861,10922.626647884383,0.5896101197041878
977.9661016949153,76.0949668545988,1388.1419862107193,10922.626647884383,0.5896101197041878
1003.3898305084746,76.0949668545988,1452.689802272652,10922.626647884383,0.5896101197041878
1028.8135593220338,76.0949668545988,1517.2376183345848,10922.626647884383,0.5896101197041878
1054.2372881355932,76.0949668545988,1581.7854343965175,10922.626647884383,0.5896101197041878
1079.6610169491526,76.0949668545988,1646.3332504584503,10922.626647884383,0.5896101197041878
1105.084745762712,76.0949668545988,1710.8810665203835,10922.626647884383,0.5896101197041878
1130.508474576271,76.0949668545988,1775.4288825823157,10922.626647884383,0.5896101197041878
1155.9322033898306,76.0949668545988,1839.9766986442494,10922.626647884383,0.5896101197041878
1181.3559322033898,76.0949668545988,1904.5245147061817,10922.626647884383,0.5896101197041878
1206.7796610169491,76.0949668545988,1969.0723307681144,10922.626647884383,0.5896101197041878
1232.2033898305085,76.0949668545988,2033.6201468300476,10922.626647884383,0.5896101197041878
1257.6271186440677,76.0949668545988,2098.16796289198,10922.626647884383,0.5896101197041878
1283.0508474576272,76.0949668545988,2162.7157789539133,10922.626647884383,0.5896101197041878
1308.4745762711864,76.0949668545988,2227.2635950158456,10922.626647884383,0.5896101197041878
1333.8983050847457,76.0949668545988,2291.8114110777788,10922.626647884383,0.5896101197041878
1359.322033898305,76.0949668545988,2356.359227139712,10922.626647884383,0.5896101197041878
1384.7457627118642,76.0949668545988,2420.9070432016442,10922.626647884383,0.5896101197041878
1410.1694915254238,76.0949668545988,2485.4548592635774,10922.626647884383,0.5896101197041878
1435.593220338983,76.0949668545988,2550.0026753255097,10922.626647884383,0.5896101197041878
1461.0169491525423,76.0949668545988,2614.550491387443,10922.626647884383,0.5896101197041878
1486.4406779661017,76.0949668545988,2679.098307449376,10922.626647884383,0.5896101197041878
1511.864406779661,76.0949668545988,2743.6461235113084,10922.626647884383,0.5896101197041878
1537.2881355932204,76.0949668545988,2808.1939395732416,10922.626647884383,0.5896101197041878
1562.7118644067796,76.0949668545988,2872.741755635174,10922.626647884383,0.5896101197041878
1588.135593220339,76.0949668545988,2937.289571697107,10922.626647884383,0.5896101197041878
1613.5593220338983,76.0949668545988,3001.8373877590393,10922.626647884383,0.5896101197041878
1638.9830508474577,76.0949668545988,3066.3852038209725,10922.626647884383,0.5896101197041878
1664.406779661017,76.0949668545988,3130.9330198829057,10922.626647884383,0.5896101197041878
1689.8305084745762,76.0949668545988,3195.480835944838,10922.626647884383,0.5896101197041878
1715.2542372881355,76.0949668545988,3260.028652006771,10922.626647884383,0.5896101197041878
1740.677966101695,76.0949668545988,3324.5764680687034,10922.626647884383,0.5896101197041878
1766.1016949152543,76.0949668545988,3389.1242841306366,10922.626647884383,0.5896101197041878
1791.5254237288136,76.0949668545988,3453.67210019257,10922.626647884383,0.5896101197041878
1816.9491525423728,76.0949668545988,3518.219916254502,10922.626647884383,0.5896101197041878
1842.3728813559321,76.0949668545988,3582.7677323164353,10922.626647884383,0.5896101197041878
1867.7966101694915,76.0949668545988,3647.3155483783676,10922.626647884383,0.5896101197041878
1893.2203389830509,76.0949668545988,3711.8633644403008,10922.626647884383,0.5896101197041878
1918.6440677966102,76.0949668545988,3776.411180502234,10922.626647884383,0.5896101197041878
1944.0677966101696,76.0949668545988,3840.9589965641662,10922.626647884383,0.5896101197041878
1969.4915254237287,76.0949668545988,3905.5068126260985,10922.626647884383,0.5896101197041878
1994.915254237288,76.0949668545988,3970.0546286880317,10922.626647884383,0.5896101197041878
2020.3389830508474,76.0949668545988,4034.602444749965,10922.626647884383,0.5896101197041878
2045.7627118644068,76.0949668545988,4099.150260811898,10922.626647884383,0.5896101197041878
2071.186440677966,76.0949668545988,4163.69807687383,10922.626647884383,0.5896101197041878
2096.610169491525,76.0949668545988,4228.245892935763,10922.626647884383,0.5896101197041878
2122.0338983050847,76.0949668545988,4292.793708997696,10922.626647884383,0.5896101197041878
2147.4576271186443,76.0949668545988,4357.34152505963,10922.626647884383,0.5896101197041878
2172.8813559322034,76.0949668545988,4421.889341121562,10922.626647884383,0.5896101197041878
2198.3050847457625,76.0949668545988,4486.4371571834945,10922.626647884383,0.5896101197041878
2223.728813559322,76.0949668545988,4550.984973245428,10922.626647884383,0.5896101197041878
2249.1525423728813,76.0949668545988,4615.53278930736,10922.626647884383,0.5896101197041878
2274.576271186441,76.0949668545988,4680.080605369293,10922.626647884383,0.5896101197041878
2300.0,76.0949668545988,4744.628421431226,10922.626647884383,0.5896101197041878
800.0,85.54672535565685,854.7264533576445,12281.782355498699,0.5361835484325395
825.4237288135594,85.54672535565685,919.2742694195776,12281.782355498699,0.5361835484325395
850.8474576271186,85.54672535565685,983.8220854815099,12281.782355498699,0.5361835484325395
876.271186440678,85.54672535565685,1048.3699015434431,12281.782355498699,0.5361835484325395
901.6949152542372,85.54672535565685,1112.9177176053759,12281.782355498699,0.5361835484325395
927.1186440677966,85.54672535565685,1177.4655336673086,12281.782355498699,0.5361835484325395
952.542372881356,85.54672535565685,1242.0133497292413,12281.782355498699,0.5361835484325395
977.9661016949153,85.54672535565685,1306.5611657911745,12281.782355498699,0.5361835484325395
1003.3898305084746,85.54672535565685,1371.1089818531073,12281.782355498699,0.5361835484325395
1028.8135593220338,85.54672535565685,1435.65679791504,12281.782355498699,0.5361835484325395
1054.2372881355932,85.54672535565685,1500.2046139769727,12281.782355498699,0.5361835484325395
1079.6610169491526,85.54672535565685,1564.7524300389055,12281.782355498699,0.5361835484325395
1105.084745762712,85.54672535565685,1629.3002461008386,12281.782355498699,0.5361835484325395
1130.508474576271,85.54672535565685,1693.848062162771,12281.782355498699,0.5361835484325395
1155.9322033898306,85.54672535565685,1758.3958782247046,12281.782355498699,0.5361835484325395
1181.3559322033898,85.54672535565685,1822.9436942866369,12281.782355498699,0.5361835484325395
1206.7796610169491,85.54672535565685,1887.4915103485696,12281.782355498699,0.5361835484325395
1232.2033898305085,85.54672535565685,1952.0393264105028,12281.782355498699,0.5361835484325395
1257.6271186440677,85.54672535565685,2016.587142472435,12281.782355498699,0.5361835484325395
1283.0508474576272,85.54672535565685,2081.1349585343687,12281.782355498699,0.5361835484325395
1308.4745762711864,85.54672535565685,2145.682774596301,12281.782355498699,0.5361835484325395
1333.8983050847457,85.54672535565685,2210.2305906582337,12281.782355498699,0.5361835484325395
1359.322033898305,85.54672535565685,2274.778406720167,12281.782355498699,0.5361835484325395
1384.7457627118642,85.54672535565685,2339.326222782099,12281.782355498699,0.5361835484325395
1410.1694915254238,85.54672535565685,2403.874038844033,12281.782355498699,0.5361835484325395
1435.593220338983,85.54672535565685,2468.421854905965,12281.782355498699,0.5361835484325395
1461.0169491525423,85.54672535565685,2532.969670967898,12281.782355498699,0.5361835484325395
1486.4406779661017,85.54672535565685,2597.517487029831,12281.782355498699,0.5361835484325395
1511.864406779661,85.54672535565685,2662.065303091764,12281.782355498699,0.5361835484325395
1537.2881355932204,85.54672535565685,2726.613119153697,12281.782355498699,0.5361835484325395
1562.7118644067796,85.54672535565685,2791.1609352156293,12281.782355498699,0.5361835484325395
1588.135593220339,85.54672535565685,2855.708751277562,12281.782355498699,0.5361835484325395
1613.5593220338983,85.54672535565685,2920.2565673394947,12281.782355498699,0.5361835484325395
1638.9830508474577,85.54672535565685,2984.804383401428,12281.782355498699,0.5361835484325395
1664.406779661017,85.54672535565685,3049.352199463361,12281.782355498699,0.5361835484325395
1689.8305084745762,85.54672535565685,3113.9000155252934,12281.782355498699,0.5361835484325395
1715.2542372881355,85.54672535565685,3178.4478315872266,12281.782355498699,0.5361835484325395
1740.677966101695,85.54672535565685,3242.995647649159,12281.782355498699,0.5361835484325395
1766.1016949152543,85.54672535565685,3307.543463711092,12281.782355498699,0.5361835484325395
1791.5254237288136,85.54672535565685,3372.0912797730252,12281.782355498699,0.5361835484325395
1816.9491525423728,85.54672535565685,3436.6390958349575,12281.782355498699,0.5361835484325395
1842.3728813559321,85.54672535565685,3501.1869118968907,12281.782355498699,0.5361835484325395
1867.7966101694915,85.54672535565685,3565.734727958823,12281.782355498699,0.5361835484325395
1893.2203389830509,85.54672535565685,3630.282544020756,12281.782355498699,0.5361835484325395
1918.6440677966102,85.54672535565685,3694.8303600826894,12281.782355498699,0.5361835484325395
1944.0677966101696,85.54672535565685,3759.3781761446216,12281.782355498699,0.5361835484325395
1969.4915254237287,85.54672535565685,3823.925992206554,12281.782355498699,0.5361835484325395
1994.915254237288,85.54672535565685,3888.473808268487,12281.782355498699,0.5361835484325395
2020.3389830508474,85.54672535565685,3953.0216243304203,12281.782355498699,0.5361835484325395
2045.7627118644068,85.54672535565685,4017.5694403923535,12281.782355498699,0.5361835484325395
2071.186440677966,85.54672535565685,4082.117256454286,12281.782355498699,0.5361835484325395
2096.610169491525,85.54672535565685,4146.665072516218,12281.782355498699,0.5361835484325395
2122.0338983050847,85.54672535565685,4211.212888578151,12281.782355498699,0.5361835484325395
2147.4576271186443,85.54672535565685,4275.760704640085,12281.782355498699,0.5361835484325395
2172.8813559322034,85.54672535565685,4340.308520702018,12281.782355498699,0.5361835484325395
2198.3050847457625,85.54672535565685,4404.85633676395,12281.782355498699,0.5361835484325395
2223.728813559322,85.54672535565685,4469.404152825883,12281.782355498699,0.5361835484325395
2249.1525423728813,85.54672535565685,4533.951968887815,12281.782355498699,0.5361835484325395
2274.576271186441,85.54672535565685,4598.499784949749,12281.782355498699,0.5361835484325395
2300.0,85.54672535565685,4663.047601011682,12281.782355498699,0.5361835484325395
800.0,96.17248711152965,763.0124763733943,13809.758841210627,0.48661301910536836
825.4237288135594,96.17248711152965,827.5602924353275,13809.758841210627,0.48661301910536836
850.8474576271186,96.17248711152965,892.1081084972598,13809.758841210627,0.48661301910536836
876.271186440678,96.17248711152965,956.655924559193,13809.758841210627,0.48661301910536836
901.6949152542372,96.17248711152965,1021.2037406211257,13809.758841210627,0.48661301910536836
927.1186440677966,96.17248711152965,1085.7515566830584,13809.758841210627,0.48661301910536836
952.542372881356,96.17248711152965,1150.2993727449912,13809.758841210627,0.48661301910536836
977.9661016949153,96.17248711152965,1214.8471888069244,13809.758841210627,0.48661301910536836
1003.3898305084746,96.17248711152965,1279.395004868857,13809.758841210627,0.48661301910536836
1028.8135593220338,96.17248711152965,1343.9428209307898,13809.758841210627,0.48661301910536836
1054.2372881355932,96.17248711152965,1408.4906369927226,13809.758841210627,0.48661301910536836
1079.6610169491526,96.17248711152965,1473.0384530546553,13809.758841210627,0.48661301910536836
1105.084745762712,96.17248711152965,1537.5862691165885,13809.758841210627,0.48661301910536836
1130.508474576271,96.17248711152965,1602.1340851785208,13809.758841210627,0.48661301910536836
1155.9322033898306,96.17248711152965,1666.6819012404544,13809.758841210627,0.48661301910536836
1181.3559322033898,96.17248711152965,1731.2297173023867,13809.758841210627,0.48661301910536836
1206.7796610169491,96.17248711152965,1795.7775333643194,13809.758841210627,0.48661301910536836
1232.2033898305085,96.17248711152965,1860.3253494262526,13809.758841210627,0.48661301910536836
1257.6271186440677,96.17248711152965,1924.873165488185,13809.758841210627,0.48661301910536836
1283.0508474576272,96.17248711152965,1989.4209815501185,13809.758841210627,0.48661301910536836
1308.4745762711864,96.17248711152965,2053.968797612051,13809.758841210627,0.48661301910536836
1333.8983050847457,96.17248711152965,2118.5166136739836,13809.758841210627,0.48661301910536836
1359.322033898305,96.17248711152965,2183.0644297359167,13809.758841210627,0.48661301910536836
1384.7457627118642,96.17248711152965,2247.612245797849,13809.758841210627,0.48661301910536836
1410.1694915254238,96.17248711152965,2312.1600618597827,13809.758841210627,0.48661301910536836
1435.593220338983,96.17248711152965,2376.707877921715,13809.758841210627,0.48661301910536836
1461.0169491525423,96.17248711152965,2441.2556939836477,13809.758841210627,0.48661301910536836
1486.4406779661017,96.17248711152965,2505.803510045581,13809.758841210627,0.48661301910536836
1511.864406779661,96.17248711152965,2570.3513261075136,13809.758841210627,0.48661301910536836
1537.2881355932204,96.17248711152965,2634.899142169447,13809.758841210627,0.48661301910536836
1562.7118644067796,96.17248711152965,2699.446958231379,13809.758841210627,0.48661301910536836
1588.135593220339,96.17248711152965,2763.994774293312,13809.758841210627,0.48661301910536836
1613.5593220338983,96.17248711152965,2828.5425903552446,13809.758841210627,0.48661301910536836
1638.9830508474577,96.17248711152965,2893.0904064171777,13809.758841210627,0.48661301910536836
1664.406779661017,96.17248711152965,2957.638222479111,13809.758841210627,0.48661301910536836
1689.8305084745762,96.17248711152965,3022.186038541043,13809.758841210627,0.48661301910536836
1715.2542372881355,96.17248711152965,3086.7338546029764,13809.758841210627,0.48661301910536836
1740.677966101695,96.17248711152965,3151.2816706649087,13809.758841210627,0.48661301910536836
1766.1016949152543,96.17248711152965,3215.829486726842,13809.758841210627,0.48661301910536836
1791.5254237288136,96.17248711152965,3280.377302788775,13809.758841210627,0.48661301910536836
1816.9491525423728,96.17248711152965,3344.9251188507073,13809.758841210627,0.48661301910536836
1842.3728813559321,96.17248711152965,3409.4729349126405,13809.758841210627,0.48661301910536836
1867.7966101694915,96.17248711152965,3474.020750974573,13809.758841210627,0.48661301910536836
1893.2203389830509,96.17248711152965,3538.568567036506,13809.758841210627,0.48661301910536836
1918.6440677966102,96.17248711152965,3603.116383098439,13809.758841210627,0.48661301910536836
1944.0677966101696,96.17248711152965,3667.6641991603715,13809.758841210627,0.48661301910536836
1969.4915254237287,96.17248711152965,3732.2120152223038,13809.758841210627,0.48661301910536836
1994.915254237288,96.17248711152965,3796.759831284237,13809.758841210627,0.48661301910536836
2020.3389830508474,96.17248711152965,3861.30764734617,13809.758841210627,0.48661301910536836
2045.7627118644068,96.17248711152965,3925.8554634081033,13809.758841210627,0.48661301910536836
2071.186440677966,96.17248711152965,3990.4032794700356,13809.758841210627,0.48661301910536836
2096.610169491525,96.17248711152965,4054.951095531968,13809.758841210627,0.48661301910536836
2122.0338983050847,96.17248711152965,4119.498911593901,13809.758841210627,0.48661301910536836
2147.4576271186443,96.17248711152965,4184.046727655836,13809.758841210627,0.48661301910536836
2172.8813559322034,96.17248711152965,4248.594543717767,13809.758841210627,0.48661301910536836
2198.3050847457625,96.17248711152965,4313.1423597797,13809.758841210627,0.48661301910536836
2223.728813559322,96.17248711152965,4377.690175841633,13809.758841210627,0.48661301910536836
2249.1525423728813,96.17248711152965,4442.237991903565,13809.758841210627,0.48661301910536836
2274.576271186441,96.17248711152965,4506.785807965498,13809.758841210627,0.48661301910536836
2300.0,96.17248711152965,4571.333624027431,13809.758841210627,0.48661301910536836
800.0,108.11807510766077,659.9067030922474,15527.525339786864,0.44079902507918767
825.4237288135594,108.11807510766077,724.4545191541806,15527.525339786864,0.44079902507918767
850.8474576271186,108.11807510766077,789.0023352161129,15527.525339786864,0.44079902507918767
876.271186440678,108.11807510766077,853.5501512780461,15527.525339786864,0.44079902507918767
901.6949152542372,108.11807510766077,918.0979673399788,15527.525339786864,0.44079902507918767
927.1186440677966,108.11807510766077,982.6457834019116,15527.525339786864,0.44079902507918767
952.542372881356,108.11807510766077,1047.1935994638443,15527.525339786864,0.44079902507918767
977.9661016949153,108.11807510766077,1111.7414155257775,15527.525339786864,0.44079902507918767
1003.3898305084746,108.11807510766077,1176.2892315877102,15527.525339786864,0.44079902507918767
1028.8135593220338,108.11807510766077,1240.837047649643,15527.525339786864,0.44079902507918767
1054.2372881355932,108.11807510766077,1305.3848637115757,15527.525339786864,0.44079902507918767
1079.6610169491526,108.11807510766077,1369.9326797735084,15527.525339786864,0.44079902507918767
1105.084745762712,108.11807510766077,1434.4804958354416,15527.525339786864,0.44079902507918767
1130.508474576271,108.11807510766077,1499.028311897374,15527.525339786864,0.44079902507918767
1155.9322033898306,108.11807510766077,1563.5761279593075,15527.525339786864,0.44079902507918767
1181.3559322033898,108.11807510766077,1628.1239440212398,15527.525339786864,0.44079902507918767
1206.7796610169491,108.11807510766077,1692.6717600831726,15527.525339786864,0.44079902507918767
1232.2033898305085,108.11807510766077,1757.2195761451057,15527.525339786864,0.44079902507918767
1257.6271186440677,108.11807510766077,1821.767392207038,15527.525339786864,0.44079902507918767
1283.0508474576272,108.11807510766077,1886.3152082689717,15527.525339786864,0.44079902507918767
1308.4745762711864,108.11807510766077,1950.863024330904,15527.525339786864,0.44079902507918767
1333.8983050847457,108.11807510766077,2015.4108403928367,15527.525339786864,0.44079902507918767
1359.322033898305,108.11807510766077,2079.95865645477,15527.525339786864,0.44079902507918767
1384.7457627118642,108.11807510766077,2144.506472516702,15527.525339786864,0.44079902507918767
1410.1694915254238,108.11807510766077,2209.054288578636,15527.525339786864,0.44079902507918767
1435.593220338983,108.11807510766077,2273.602104640568,15527.525339786864,0.44079902507918767
1461.0169491525423,108.11807510766077,2338.149920702501,15527.525339786864,0.44079902507918767
1486.4406779661017,108.11807510766077,2402.697736764434,15527.525339786864,0.44079902507918767
1511.864406779661,108.11807510766077,2467.2455528263667,15527.525339786864,0.44079902507918767
1537.2881355932204,108.11807510766077,2531.7933688883,15527.525339786864,0.44079902507918767
1562.7118644067796,108.11807510766077,2596.341184950232,15527.525339786864,0.44079902507918767
1588.135593220339,108.11807510766077,2660.889001012165,15527.525339786864,0.44079902507918767
1613.5593220338983,108.11807510766077,2725.4368170740977,15527.525339786864,0.44079902507918767
1638.9830508474577,108.11807510766077,2789.984633136031,15527.525339786864,0.44079902507918767
1664.406779661017,108.11807510766077,2854.532449197964,15527.525339786864,0.44079902507918767
1689.8305084745762,108.11807510766077,2919.0802652598964,15527.525339786864,0.44079902507918767
1715.2542372881355,108.11807510766077,2983.6280813218295,15527.525339786864,0.44079902507918767
1740.677966101695,108.11807510766077,3048.175897383762,15527.525339786864,0.44079902507918767
1766.1016949152543,108.11807510766077,3112.723713445695,15527.525339786864,0.44079902507918767
1791.5254237288136,108.11807510766077,3177.271529507628,15527.525339786864,0.44079902507918767
1816.9491525423728,108.11807510766077,3241.8193455695605,15527.525339786864,0.44079902507918767
1842.3728813559321,108.11807510766077,3306.3671616314937,15527.525339786864,0.44079902507918767
1867.7966101694915,108.11807510766077,3370.914977693426,15527.525339786864,0.44079902507918767
1893.2203389830509,108.11807510766077,3435.462793755359,15527.525339786864,0.44079902507918767
1918.6440677966102,108.11807510766077,3500.0106098172923,15527.525339786864,0.44079902507918767
1944.0677966101696,108.11807510766077,3564.5584258792246,15527.525339786864,0.44079902507918767
1969.4915254237287,108.11807510766077,3629.106241941157,15527.525339786864,0.44079902507918767
1994.915254237288,108.11807510766077,3693.65405800309,15527.525339786864,0.44079902507918767
2020.3389830508474,108.11807510766077,3758.2018740650233,15527.525339786864,0.44079902507918767
2045.7627118644068,108.11807510766077,3822.7496901269565,15527.525339786864,0.44079902507918767
2071.186440677966,108.11807510766077,3887.2975061888887,15527.525339786864,0.44079902507918767
2096.610169491525,108.11807510766077,3951.845322250821,15527.525339786864,0.44079902507918767
2122.0338983050847,108.11807510766077,4016.393138312754,15527.525339786864,0.44079902507918767
2147.4576271186443,108.11807510766077,4080.9409543746883,15527.525339786864,0.44079902507918767
2172.8813559322034,108.11807510766077,4145.488770436621,15527.525339786864,0.44079902507918767
2198.3050847457625,108.11807510766077,4210.036586498552,15527.525339786864,0.44079902507918767
2223.728813559322,108.11807510766077,4274.584402560486,15527.525339786864,0.44079902507918767
2249.1525423728813,108.11807510766077,4339.132218622419,15527.525339786864,0.44079902507918767
2274.576271186441,108.11807510766077,4403.680034684352,15527.525339786864,0.44079902507918767
2300.0,108.11807510766077,4468.227850746285,15527.525339786864,0.44079902507918767
800.0,121.54742500762872,543.9941580967447,17458.655675379767,0.3986090698347535
825.4237288135594,121.54742500762872,608.5419741586779,17458.655675379767,0.3986090698347535
850.8474576271186,121.54742500762872,673.0897902206102,17458.655675379767,0.3986090698347535
876.271186440678,121.54742500762872,737.6376062825434,17458.655675379767,0.3986090698347535
901.6949152542372,121.54742500762872,802.1854223444761,17458.655675379767,0.3986090698347535
927.1186440677966,121.54742500762872,866.7332384064089,17458.655675379767,0.3986090698347535
952.542372881356,121.54742500762872,931.2810544683416,17458.655675379767,0.3986090698347535
977.9661016949153,121.54742500762872,995.8288705302748,17458.655675379767,0.3986090698347535
1003.3898305084746,121.54742500762872,1060.3766865922075,17458.655675379767,0.3986090698347535
1028.8135593220338,121.54742500762872,1124.9245026541403,17458.655675379767,0.3986090698347535
1054.2372881355932,121.54742500762872,1189.472318716073,17458.655675379767,0.3986090698347535
1079.6610169491526,121.54742500762872,1254.0201347780057,17458.655675379767,0.3986090698347535
1105.084745762712,121.54742500762872,1318.567950839939,17458.655675379767,0.3986090698347535
1130.508474576271,121.54742500762872,1383.1157669018712,17458.655675379767,0.3986090698347535
1155.9322033898306,121.54742500762872,1447.6635829638049,17458.655675379767,0.3986090698347535
1181.3559322033898,121.54742500762872,1512.2113990257371,17458.655675379767,0.3986090698347535
1206.7796610169491,121.54742500762872,1576.7592150876699,17458.655675379767,0.3986090698347535
1232.2033898305085,121.54742500762872,1641.307031149603,17458.655675379767,0.3986090698347535
1257.6271186440677,121.54742500762872,1705.8548472115353,17458.655675379767,0.3986090698347535
1283.0508474576272,121.54742500762872,1770.402663273469,17458.655675379767,0.3986090698347535
1308.4745762711864,121.54742500762872,1834.9504793354013,17458.655675379767,0.3986090698347535
1333.8983050847457,121.54742500762872,1899.498295397334,17458.655675379767,0.3986090698347535
1359.322033898305,121.54742500762872,1964.0461114592672,17458.655675379767,0.3986090698347535
1384.7457627118642,121.54742500762872,2028.5939275211995,17458.655675379767,0.3986090698347535
1410.1694915254238,121.54742500762872,2093.141743583133,17458.655675379767,0.3986090698347535
1435.593220338983,121.54742500762872,2157.6895596450654,17458.655675379767,0.3986090698347535
1461.0169491525423,121.54742500762872,2222.237375706998,17458.655675379767,0.3986090698347535
1486.4406779661017,121.54742500762872,2286.7851917689313,17458.655675379767,0.3986090698347535
1511.864406779661,121.54742500762872,2351.333007830864,17458.655675379767,0.3986090698347535
1537.2881355932204,121.54742500762872,2415.8808238927973,17458.655675379767,0.3986090698347535
1562.7118644067796,121.54742500762872,2480.4286399547295,17458.655675379767,0.3986090698347535
1588.135593220339,121.54742500762872,2544.9764560166623,17458.655675379767,0.3986090698347535
1613.5593220338983,121.54742500762872,2609.524272078595,17458.655675379767,0.3986090698347535
1638.9830508474577,121.54742500762872,2674.072088140528,17458.655675379767,0.3986090698347535
1664.406779661017,121.54742500762872,2738.6199042024614,17458.655675379767,0.3986090698347535
1689.8305084745762,121.54742500762872,2803.1677202643937,17458.655675379767,0.3986090698347535
1715.2542372881355,121.54742500762872,2867.715536326327,17458.655675379767,0.3986090698347535
1740.677966101695,121.54742500762872,2932.263352388259,17458.655675379767,0.3986090698347535
1766.1016949152543,121.54742500762872,2996.8111684501923,17458.655675379767,0.3986090698347535
1791.5254237288136,121.54742500762872,3061.3589845121255,17458.655675379767,0.3986090698347535
1816.9491525423728,121.54742500762872,3125.906800574058,17458.655675379767,0.3986090698347535
1842.3728813559321,121.54742500762872,3190.454616635991,17458.655675379767,0.3986090698347535
1867.7966101694915,121.54742500762872,3255.0024326979233,17458.655675379767,0.3986090698347535
1893.2203389830509,121.54742500762872,3319.5502487598565,17458.655675379767,0.3986090698347535
1918.6440677966102,121.54742500762872,3384.0980648217896,17458.655675379767,0.3986090698347535
1944.0677966101696,121.54742500762872,3448.645880883722,17458.655675379767,0.3986090698347535
1969.4915254237287,121.54742500762872,3513.193696945654,17458.655675379767,0.3986090698347535
1994.915254237288,121.54742500762872,3577.7415130075874,17458.655675379767,0.3986090698347535
2020.3389830508474,121.54742500762872,3642.2893290695206,17458.655675379767,0.3986090698347535
2045.7627118644068,121.54742500762872,3706.837145131454,17458.655675379767,0.3986090698347535
2071.186440677966,121.54742500762872,3771.384961193386,17458.655675379767,0.3986090698347535
2096.610169491525,121.54742500762872,3835.9327772553183,17458.655675379767,0.3986090698347535
2122.0338983050847,121.54742500762872,3900.4805933172515,17458.655675379767,0.3986090698347535
2147.4576271186443,121.54742500762872,3965.0284093791856,17458.655675379767,0.3986090698347535
2172.8813559322034,121.54742500762872,4029.576225441118,17458.655675379767,0.3986090698347535
2198.3050847457625,121.54742500762872,4094.12404150305,17458.655675379767,0.3986090698347535
2223.728813559322,121.54742500762872,4158.671857564983,17458.655675379767,0.3986090698347535
2249.1525423728813,121.54742500762872,4223.219673626916,17458.655675379767,0.3986090698347535
2274.576271186441,121.54742500762872,4287.767489688849,17458.655675379767,0.3986090698347535
2300.0,121.54742500762872,4352.3153057507825,17458.655675379767,0.3986090698347535
800.0,136.64483492953258,413.68411182321597,19629.65177766609,0.3598851088416019
825.4237288135594,136.64483492953258,478.23192788514916,19629.65177766609,0.3598851088416019
850.8474576271186,136.64483492953258,542.7797439470814,19629.65177766609,0.3598851088416019
876.271186440678,136.64483492953258,607.3275600090146,19629.65177766609,0.3598851088416019
901.6949152542372,136.64483492953258,671.8753760709474,19629.65177766609,0.3598851088416019
927.1186440677966,136.64483492953258,736.4231921328801,19629.65177766609,0.3598851088416019
952.542372881356,136.64483492953258,800.9710081948128,19629.65177766609,0.3598851088416019
977.9661016949153,136.64483492953258,865.518824256746,19629.65177766609,0.3598851088416019
1003.3898305084746,136.64483492953258,930.0666403186788,19629.65177766609,0.3598851088416019
1028.8135593220338,136.64483492953258,994.6144563806115,19629.65177766609,0.3598851088416019
1054.2372881355932,136.64483492953258,1059.1622724425442,19629.65177766609,0.3598851088416019
1079.6610169491526,136.64483492953258,1123.710088504477,19629.65177766609,0.3598851088416019
1105.084745762712,136.64483492953258,1188.2579045664102,19629.65177766609,0.3598851088416019
1130.508474576271,136.64483492953258,1252.8057206283424,19629.65177766609,0.3598851088416019
1155.9322033898306,136.64483492953258,1317.353536690276,19629.65177766609,0.3598851088416019
1181.3559322033898,136.64483492953258,1381.9013527522084,19629.65177766609,0.3598851088416019
1206.7796610169491,136.64483492953258,1446.449168814141,19629.65177766609,0.3598851088416019
1232.2033898305085,136.64483492953258,1510.9969848760743,19629.65177766609,0.3598851088416019
1257.6271186440677,136.64483492953258,1575.5448009380066,19629.65177766609,0.3598851088416019
1283.0508474576272,136.64483492953258,1640.0926169999402,19629.65177766609,0.3598851088416019
1308.4745762711864,136.64483492953258,1704.6404330618725,19629.65177766609,0.3598851088416019
1333.8983050847457,136.64483492953258,1769.1882491238052,19629.65177766609,0.3598851088416019
1359.322033898305,136.64483492953258,1833.7360651857384,19629.65177766609,0.3598851088416019
1384.7457627118642,136.64483492953258,1898.2838812476707,19629.65177766609,0.3598851088416019
1410.1694915254238,136.64483492953258,1962.8316973096044,19629.65177766609,0.3598851088416019
1435.593220338983,136.64483492953258,2027.3795133715366,19629.65177766609,0.3598851088416019
1461.0169491525423,136.64483492953258,2091.9273294334694,19629.65177766609,0.3598851088416019
1486.4406779661017,136.64483492953258,2156.4751454954026,19629.65177766609,0.3598851088416019
1511.864406779661,136.64483492953258,2221.0229615573353,19629.65177766609,0.3598851088416019
1537.2881355932204,136.64483492953258,2285.5707776192685,19629.65177766609,0.3598851088416019
1562.7118644067796,136.64483492953258,2350.1185936812008,19629.65177766609,0.3598851088416019
1588.135593220339,136.64483492953258,2414.6664097431335,19629.65177766609,0.3598851088416019
1613.5593220338983,136.64483492953258,2479.2142258050662,19629.65177766609,0.3598851088416019
1638.9830508474577,136.64483492953258,2543.7620418669994,19629.65177766609,0.3598851088416019
1664.406779661017,136.64483492953258,2608.3098579289326,19629.65177766609,0.3598851088416019
1689.8305084745762,136.64483492953258,2672.857673990865,19629.65177766609,0.3598851088416019
1715.2542372881355,136.64483492953258,2737.405490052798,19629.65177766609,0.3598851088416019
1740.677966101695,136.64483492953258,2801.9533061147304,19629.65177766609,0.3598851088416019
1766.1016949152543,136.64483492953258,2866.5011221766636,19629.65177766609,0.3598851088416019
1791.5254237288136,136.64483492953258,2931.0489382385967,19629.65177766609,0.3598851088416019
1816.9491525423728,136.64483492953258,2995.596754300529,19629.65177766609,0.3598851088416019
1842.3728813559321,136.64483492953258,3060.144570362462,19629.65177766609,0.3598851088416019
1867.7966101694915,136.64483492953258,3124.6923864243945,19629.65177766609,0.3598851088416019
1893.2203389830509,136.64483492953258,3189.2402024863277,19629.65177766609,0.3598851088416019
1918.6440677966102,136.64483492953258,3253.788018548261,19629.65177766609,0.3598851088416019
1944.0677966101696,136.64483492953258,3318.335834610193,19629.65177766609,0.3598851088416019
1969.4915254237287,136.64483492953258,3382.8836506721254,19629.65177766609,0.3598851088416019
1994.915254237288,136.64483492953258,3447.4314667340586,19629.65177766609,0.3598851088416019
2020.3389830508474,136.64483492953258,3511.979282795992,19629.65177766609,0.3598851088416019
2045.7627118644068,136.64483492953258,3576.527098857925,19629.65177766609,0.3598851088416019
2071.186440677966,136.64483492953258,3641.0749149198573,19629.65177766609,0.3598851088416019
2096.610169491525,136.64483492953258,3705.6227309817896,19629.65177766609,0.3598851088416019
2122.0338983050847,136.64483492953258,3770.1705470437228,19629.65177766609,0.3598851088416019
2147.4576271186443,136.64483492953258,3834.718363105657,19629.65177766609,0.3598851088416019
2172.8813559322034,136.64483492953258,3899.266179167589,19629.65177766609,0.3598851088416019
2198.3050847457625,136.64483492953258,3963.8139952295214,19629.65177766609,0.3598851088416019
2223.728813559322,136.64483492953258,4028.3618112914546,19629.65177766609,0.3598851088416019
2249.1525423728813,136.64483492953258,4092.909627353387,19629.65177766609,0.3598851088416019
2274.576271186441,136.64483492953258,4157.45744341532,19629.65177766609,0.3598851088416019
2300.0,136.64483492953258,4222.005259477253,19629.65177766609,0.3598851088416019
800.0,153.6174946671828,267.18825013311016,22070.30738193704,0.32445043673318413
825.4237288135594,153.6174946671828,331.73606619504335,22070.30738193704,0.32445043673318413
850.8474576271186,153.6174946671828,396.28388225697563,22070.30738193704,0.32445043673318413
876.271186440678,153.6174946671828,460.8316983189088,22070.30738193704,0.32445043673318413
901.6949152542372,153.6174946671828,525.3795143808416,22070.30738193704,0.32445043673318413
927.1186440677966,153.6174946671828,589.9273304427743,22070.30738193704,0.32445043673318413
952.542372881356,153.6174946671828,654.475146504707,22070.30738193704,0.32445043673318413
977.9661016949153,153.6174946671828,719.0229625666402,22070.30738193704,0.32445043673318413
1003.3898305084746,153.6174946671828,783.570778628573,22070.30738193704,0.32445043673318413
1028.8135593220338,153.6174946671828,848.1185946905057,22070.30738193704,0.32445043673318413
1054.2372881355932,153.6174946671828,912.6664107524384,22070.30738193704,0.32445043673318413
1079.6610169491526,153.6174946671828,977.2142268143712,22070.30738193704,0.32445043673318413
1105.084745762712,153.6174946671828,1041.7620428763043,22070.30738193704,0.32445043673318413
1130.508474576271,153.6174946671828,1106.3098589382366,22070.30738193704,0.32445043673318413
1155.9322033898306,153.6174946671828,1170.8576750001703,22070.30738193704,0.32445043673318413
1181.3559322033898,153.6174946671828,1235.4054910621026,22070.30738193704,0.32445043673318413
1206.7796610169491,153.6174946671828,1299.9533071240353,22070.30738193704,0.32445043673318413
1232.2033898305085,153.6174946671828,1364.5011231859685,22070.30738193704,0.32445043673318413
1257.6271186440677,153.6174946671828,1429.0489392479008,22070.30738193704,0.32445043673318413
1283.0508474576272,153.6174946671828,1493.5967553098344,22070.30738193704,0.32445043673318413
1308.4745762711864,153.6174946671828,1558.1445713717667,22070.30738193704,0.32445043673318413
1333.8983050847457,153.6174946671828,1622.6923874336994,22070.30738193704,0.32445043673318413
1359.322033898305,153.6174946671828,1687.2402034956326,22070.30738193704,0.32445043673318413
1384.7457627118642,153.6174946671828,1751.788019557565,22070.30738193704,0.32445043673318413
1410.1694915254238,153.6174946671828,1816.3358356194985,22070.30738193704,0.32445043673318413
1435.593220338983,153.6174946671828,1880.8836516814308,22070.30738193704,0.32445043673318413
1461.0169491525423,153.6174946671828,1945.4314677433636,22070.30738193704,0.32445043673318413
1486.4406779661017,153.6174946671828,2009.9792838052967,22070.30738193704,0.32445043673318413
1511.864406779661,153.6174946671828,2074.5270998672295,22070.30738193704,0.32445043673318413
1537.2881355932204,153.6174946671828,2139.0749159291627,22070.30738193704,0.32445043673318413
1562.7118644067796,153.6174946671828,2203.622731991095,22070.30738193704,0.32445043673318413
1588.135593220339,153.6174946671828,2268.1705480530277,22070.30738193704,0.32445043673318413
1613.5593220338983,153.6174946671828,2332.7183641149604,22070.30738193704,0.32445043673318413
1638.9830508474577,153.6174946671828,2397.2661801768936,22070.30738193704,0.32445043673318413
1664.406779661017,153.6174946671828,2461.813996238827,22070.30738193704,0.32445043673318413
1689.8305084745762,153.6174946671828,2526.361812300759,22070.30738193704,0.32445043673318413
1715.2542372881355,153.6174946671828,2590.9096283626923,22070.30738193704,0.32445043673318413
1740.677966101695,153.6174946671828,2655.4574444246246,22070.30738193704,0.32445043673318413
1766.1016949152543,153.6174946671828,2720.0052604865577,22070.30738193704,0.32445043673318413
1791.5254237288136,153.6174946671828,2784.553076548491,22070.30738193704,0.32445043673318413
1816.9491525423728,153.6174946671828,2849.100892610423,22070.30738193704,0.32445043673318413
1842.3728813559321,153.6174946671828,2913.6487086723564,22070.30738193704,0.32445043673318413
1867.7966101694915,153.6174946671828,2978.1965247342887,22070.30738193704,0.32445043673318413
1893.2203389830509,153.6174946671828,3042.744340796222,22070.30738193704,0.32445043673318413
1918.6440677966102,153.6174946671828,3107.292156858155,22070.30738193704,0.32445043673318413
1944.0677966101696,153.6174946671828,3171.8399729200873,22070.30738193704,0.32445043673318413
1969.4915254237287,153.6174946671828,3236.3877889820196,22070.30738193704,0.32445043673318413
1994.915254237288,153.6174946671828,3300.935605043953,22070.30738193704,0.32445043673318413
2020.3389830508474,153.6174946671828,3365.483421105886,22070.30738193704,0.32445043673318413
2045.7627118644068,153.6174946671828,3430.031237167819,22070.30738193704,0.32445043673318413
2071.186440677966,153.6174946671828,3494.5790532297515,22070.30738193704,0.32445043673318413
2096.610169491525,153.6174946671828,3559.1268692916838,22070.30738193704,0.32445043673318413
2122.0338983050847,153.6174946671828,3623.674685353617,22070.30738193704,0.32445043673318413
2147.4576271186443,153.6174946671828,3688.222501415551,22070.30738193704,0.32445043673318413
2172.8813559322034,153.6174946671828,3752.7703174774833,22070.30738193704,0.32445043673318413
2198.3050847457625,153.6174946671828,3817.3181335394156,22070.30738193704,0.32445043673318413
2223.728813559322,153.6174946671828,3881.865949601349,22070.30738193704,0.32445043673318413
2249.1525423728813,153.6174946671828,3946.413765663281,22070.30738193704,0.32445043673318413
2274.576271186441,153.6174946671828,4010.9615817252143,22070.30738193704,0.32445043673318413
2300.0,153.6174946671828,4075.5093977871475,22070.30738193704,0.32445043673318413
800.0,172.6983290659436,102.49613232602428,24814.116904389004,0.2921158629674488
825.4237288135594,172.6983290659436,167.04394838795747,24814.116904389004,0.2921158629674488
850.8474576271186,172.6983290659436,231.59176444988975,24814.116904389004,0.2921158629674488
876.271186440678,172.6983290659436,296.13958051182294,24814.116904389004,0.2921158629674488
901.6949152542372,172.6983290659436,360.6873965737557,24814.116904389004,0.2921158629674488
927.1186440677966,172.6983290659436,425.2352126356884,24814.116904389004,0.2921158629674488
952.542372881356,172.6983290659436,489.78302869762115,24814.116904389004,0.2921158629674488
977.9661016949153,172.6983290659436,554.3308447595543,24814.116904389004,0.2921158629674488
1003.3898305084746,172.6983290659436,618.8786608214871,24814.116904389004,0.2921158629674488
1028.8135593220338,172.6983290659436,683.4264768834198,24814.116904389004,0.2921158629674488
1054.2372881355932,172.6983290659436,747.9742929453525,24814.116904389004,0.2921158629674488
1079.6610169491526,172.6983290659436,812.5221090072853,24814.116904389004,0.2921158629674488
1105.084745762712,172.6983290659436,877.0699250692185,24814.116904389004,0.2921158629674488
1130.508474576271,172.6983290659436,941.6177411311508,24814.116904389004,0.2921158629674488
1155.9322033898306,172.6983290659436,1006.1655571930844,24814.116904389004,0.2921158629674488
1181.3559322033898,172.6983290659436,1070.7133732550167,24814.116904389004,0.2921158629674488
1206.7796610169491,172.6983290659436,1135.2611893169494,24814.116904389004,0.2921158629674488
1232.2033898305085,172.6983290659436,1199.8090053788826,24814.116904389004,0.2921158629674488
1257.6271186440677,172.6983290659436,1264.3568214408149,24814.116904389004,0.2921158629674488
1283.0508474576272,172.6983290659436,1328.9046375027485,24814.116904389004,0.2921158629674488
1308.4745762711864,172.6983290659436,1393.4524535646808,24814.116904389004,0.2921158629674488
1333.8983050847457,172.6983290659436,1458.0002696266135,24814.116904389004,0.2921158629674488
1359.322033898305,172.6983290659436,1522.5480856885467,24814.116904389004,0.2921158629674488
1384.7457627118642,172.6983290659436,1587.095901750479,24814.116904389004,0.2921158629674488
1410.1694915254238,172.6983290659436,1651.6437178124127,24814.116904389004,0.2921158629674488
1435.593220338983,172.6983290659436,1716.191533874345,24814.116904389004,0.2921158629674488
1461.0169491525423,172.6983290659436,1780.7393499362777,24814.116904389004,0.2921158629674488
1486.4406779661017,172.6983290659436,1845.2871659982109,24814.116904389004,0.2921158629674488
1511.864406779661,172.6983290659436,1909.8349820601436,24814.116904389004,0.2921158629674488
1537.2881355932204,172.6983290659436,1974.3827981220768,24814.116904389004,0.2921158629674488
1562.7118644067796,172.6983290659436,2038.930614184009,24814.116904389004,0.2921158629674488
1588.135593220339,172.6983290659436,2103.478430245942,24814.116904389004,0.2921158629674488
1613.5593220338983,172.6983290659436,2168.0262463078743,24814.116904389004,0.2921158629674488
1638.9830508474577,172.6983290659436,2232.5740623698075,24814.116904389004,0.2921158629674488
1664.406779661017,172.6983290659436,2297.1218784317407,24814.116904389004,0.2921158629674488
1689.8305084745762,172.6983290659436,2361.669694493673,24814.116904389004,0.2921158629674488
1715.2542372881355,172.6983290659436,2426.217510555606,24814.116904389004,0.2921158629674488
1740.677966101695,172.6983290659436,2490.7653266175384,24814.116904389004,0.2921158629674488
1766.1016949152543,172.6983290659436,2555.3131426794716,24814.116904389004,0.2921158629674488
1791.5254237288136,172.6983290659436,2619.860958741405,24814.116904389004,0.2921158629674488
1816.9491525423728,172.6983290659436,2684.408774803337,24814.116904389004,0.2921158629674488
1842.3728813559321,172.6983290659436,2748.9565908652703,24814.116904389004,0.2921158629674488
1867.7966101694915,172.6983290659436,2813.5044069272026,24814.116904389004,0.2921158629674488
1893.2203389830509,172.6983290659436,2878.0522229891358,24814.116904389004,0.2921158629674488
1918.6440677966102,172.6983290659436,2942.600039051069,24814.116904389004,0.2921158629674488
1944.0677966101696,172.6983290659436,3007.1478551130012,24814.116904389004,0.2921158629674488
1969.4915254237287,172.6983290659436,3071.6956711749335,24814.116904389004,0.2921158629674488
1994.915254237288,172.6983290659436,3136.2434872368667,24814.116904389004,0.2921158629674488
2020.3389830508474,172.6983290659436,3200.7913032988,24814.116904389004,0.2921158629674488
2045.7627118644068,172.6983290659436,3265.339119360733,24814.116904389004,0.2921158629674488
2071.186440677966,172.6983290659436,3329.8869354226654,24814.116904389004,0.2921158629674488
2096.610169491525,172.6983290659436,3394.4347514845977,24814.116904389004,0.2921158629674488
2122.0338983050847,172.6983290659436,3458.982567546531,24814.116904389004,0.2921158629674488
2147.4576271186443,172.6983290659436,3523.530383608465,24814.116904389004,0.2921158629674488
2172.8813559322034,172.6983290659436,3588.078199670397,24814.116904389004,0.2921158629674488
2198.3050847457625,172.6983290659436,3652.6260157323295,24814.116904389004,0.2921158629674488
2223.728813559322,172.6983290659436,3717.1738317942627,24814.116904389004,0.2921158629674488
2249.1525423728813,172.6983290659436,3781.721647856195,24814.116904389004,0.2921158629674488
2274.576271186441,172.6983290659436,3846.269463918128,24814.116904389004,0.2921158629674488
2300.0,172.6983290659436,3910.8172799800614,24814.116904389004,0.2921158629674488
800.0,194.14919457438816,-82.65239920832755,27771.39204291306,0.26378224047084087
825.4237288135594,194.14919457438816,-18.10458314639436,27870.841260981226,0.26292463433215435
850.8474576271186,194.14919457438816,46.44323291553792,27898.735103828396,0.2626850906454261
876.271186440678,194.14919457438816,110.99104897747111,27898.735103828396,0.2626850906454261
901.6949152542372,194.14919457438816,175.53886503940385,27898.735103828396,0.2626850906454261
927.1186440677966,194.14919457438816,240.08668110133658,27898.735103828396,0.2626850906454261
952.542372881356,194.14919457438816,304.6344971632693,27898.735103828396,0.2626850906454261
977.9661016949153,194.14919457438816,369.1823132252025,27898.735103828396,0.2626850906454261
1003.3898305084746,194.14919457438816,433.73012928713524,27898.735103828396,0.2626850906454261
1028.8135593220338,194.14919457438816,498.277945349068,27898.735103828396,0.2626850906454261
1054.2372881355932,194.14919457438816,562.8257614110007,27898.735103828396,0.2626850906454261
1079.6610169491526,194.14919457438816,627.3735774729334,27898.735103828396,0.2626850906454261
1105.084745762712,194.14919457438816,691.9213935348666,27898.735103828396,0.2626850906454261
1130.508474576271,194.14919457438816,756.4692095967989,27898.735103828396,0.2626850906454261
1155.9322033898306,194.14919457438816,821.0170256587326,27898.735103828396,0.2626850906454261
1181.3559322033898,194.14919457438816,885.5648417206648,27898.735103828396,0.2626850906454261
1206.7796610169491,194.14919457438816,950.1126577825976,27898.735103828396,0.2626850906454261
1232.2033898305085,194.14919457438816,1014.6604738445308,27898.735103828396,0.2626850906454261
1257.6271186440677,194.14919457438816,1079.208289906463,27898.735103828396,0.2626850906454261
1283.0508474576272,194.14919457438816,1143.7561059683967,27898.735103828396,0.2626850906454261
1308.4745762711864,194.14919457438816,1208.303922030329,27898.735103828396,0.2626850906454261
1333.8983050847457,194.14919457438816,1272.8517380922617,27898.735103828396,0.2626850906454261
1359.322033898305,194.14919457438816,1337.399554154195,27898.735103828396,0.2626850906454261
1384.7457627118642,194.14919457438816,1401.9473702161272,27898.735103828396,0.2626850906454261
1410.1694915254238,194.14919457438816,1466.4951862780608,27898.735103828396,0.2626850906454261
1435.593220338983,194.14919457438816,1531.043002339993,27898.735103828396,0.2626850906454261
1461.0169491525423,194.14919457438816,1595.5908184019258,27898.735103828396,0.2626850906454261
1486.4406779661017,194.14919457438816,1660.138634463859,27898.735103828396,0.2626850906454261
1511.864406779661,194.14919457438816,1724.6864505257918,27898.735103828396,0.2626850906454261
1537.2881355932204,194.14919457438816,1789.234266587725,27898.735103828396,0.2626850906454261
1562.7118644067796,194.14919457438816,1853.7820826496572,27898.735103828396,0.2626850906454261
1588.135593220339,194.14919457438816,1918.32989871159,27898.735103828396,0.2626850906454261
1613.5593220338983,194.14919457438816,1982.8777147735227,27898.735103828396,0.2626850906454261
1638.9830508474577,194.14919457438816,2047.425530835456,27898.735103828396,0.2626850906454261
1664.406779661017,194.14919457438816,2111.973346897389,27898.735103828396,0.2626850906454261
1689.8305084745762,194.14919457438816,2176.5211629593214,27898.735103828396,0.2626850906454261
1715.2542372881355,194.14919457438816,2241.0689790212546,27898.735103828396,0.2626850906454261
1740.677966101695,194.14919457438816,2305.616795083187,27898.735103828396,0.2626850906454261
1766.1016949152543,194.14919457438816,2370.16461114512,27898.735103828396,0.2626850906454261
1791.5254237288136,194.14919457438816,2434.712427207053,27898.735103828396,0.2626850906454261
1816.9491525423728,194.14919457438816,2499.2602432689855,27898.735103828396,0.2626850906454261
1842.3728813559321,194.14919457438816,2563.8080593309187,27898.735103828396,0.2626850906454261
1867.7966101694915,194.14919457438816,2628.355875392851,27898.735103828396,0.2626850906454261
1893.2203389830509,194.14919457438816,2692.903691454784,27898.735103828396,0.2626850906454261
1918.6440677966102,194.14919457438816,2757.4515075167174,27898.735103828396,0.2626850906454261
1944.0677966101696,194.14919457438816,2821.9993235786496,27898.735103828396,0.2626850906454261
1969.4915254237287,194.14919457438816,2886.547139640582,27898.735103828396,0.2626850906454261
1994.915254237288,194.14919457438816,2951.094955702515,27898.735103828396,0.2626850906454261
2020.3389830508474,194.14919457438816,3015.6427717644483,27898.735103828396,0.2626850906454261
2045.7627118644068,194.14919457438816,3080.1905878263815,27898.735103828396,0.2626850906454261
2071.186440677966,194.14919457438816,3144.7384038883138,27898.735103828396,0.2626850906454261
2096.610169491525,194.14919457438816,3209.286219950246,27898.735103828396,0.2626850906454261
2122.0338983050847,194.14919457438816,3273.8340360121792,27898.735103828396,0.2626850906454261
2147.4576271186443,194.14919457438816,3338.3818520741133,27898.735103828396,0.2626850906454261
2172.8813559322034,194.14919457438816,3402.9296681360456,27898.735103828396,0.2626850906454261
2198.3050847457625,194.14919457438816,3467.477484197978,27898.735103828396,0.2626850906454261
2223.728813559322,194.14919457438816,3532.025300259911,27898.735103828396,0.2626850906454261
2249.1525423728813,194.14919457438816,3596.5731163218434,27898.735103828396,0.2626850906454261
2274.576271186441,194.14919457438816,3661.1209323837766,27898.735103828396,0.2626850906454261
2300.0,194.14919457438816,3725.6687484457098,27898.735103828396,0.2626850906454261
800.0,218.26447283974872,-290.79823633625483,30918.459202820075,0.23910225432886095
825.4237288135594,218.26447283974872,-226.25042027432164,31017.908420888245,0.23839740507491508
850.8474576271186,218.26447283974872,-161.70260421238936,31117.35763895642,0.23769669925511577
876.271186440678,218.26447283974872,-97.15478815045617,31216.8068570246,0.2370001004409642
901.6949152542372,218.26447283974872,-32.606972088523435,31316.256075092773,0.23630757262974608
927.1186440677966,218.26447283974872,31.9408439734093,31366.493837973278,0.23595927168310776
952.542372881356,218.26447283974872,96.48866003534204,31366.493837973278,0.23595927168310776
977.9661016949153,218.26447283974872,161.03647609727523,31366.493837973278,0.23595927168310776
1003.3898305084746,218.26447283974872,225.58429215920796,31366.493837973278,0.23595927168310776
1028.8135593220338,218.26447283974872,290.1321082211407,31366.493837973278,0.23595927168310776
1054.2372881355932,218.26447283974872,354.67992428307343,31366.493837973278,0.23595927168310776
1079.6610169491526,218.26447283974872,419.22774034500617,31366.493837973278,0.23595927168310776
1105.084745762712,218.26447283974872,483.77555640693936,31366.493837973278,0.23595927168310776
1130.508474576271,218.26447283974872,548.3233724688716,31366.493837973278,0.23595927168310776
1155.9322033898306,218.26447283974872,612.8711885308053,31366.493837973278,0.23595927168310776
1181.3559322033898,218.26447283974872,677.4190045927376,31366.493837973278,0.23595927168310776
1206.7796610169491,218.26447283974872,741.9668206546703,31366.493837973278,0.23595927168310776
1232.2033898305085,218.26447283974872,806.5146367166035,31366.493837973278,0.23595927168310776
1257.6271186440677,218.26447283974872,871.0624527785358,31366.493837973278,0.23595927168310776
1283.0508474576272,218.26447283974872,935.6102688404694,31366.493837973278,0.23595927168310776
1308.4745762711864,218.26447283974872,1000.1580849024017,31366.493837973278,0.23595927168310776
1333.8983050847457,218.26447283974872,1064.7059009643344,31366.493837973278,0.23595927168310776
1359.322033898305,218.26447283974872,1129.2537170262676,31366.493837973278,0.23595927168310776
1384.7457627118642,218.26447283974872,1193.8015330882,31366.493837973278,0.23595927168310776
1410.1694915254238,218.26447283974872,1258.3493491501335,31366.493837973278,0.23595927168310776
1435.593220338983,218.26447283974872,1322.8971652120658,31366.493837973278,0.23595927168310776
1461.0169491525423,218.26447283974872,1387.4449812739986,31366.493837973278,0.23595927168310776
1486.4406779661017,218.26447283974872,1451.9927973359318,31366.493837973278,0.23595927168310776
1511.864406779661,218.26447283974872,1516.5406133978645,31366.493837973278,0.23595927168310776
1537.2881355932204,218.26447283974872,1581.0884294597977,31366.493837973278,0.23595927168310776
1562.7118644067796,218.26447283974872,1645.63624552173,31366.493837973278,0.23595927168310776
1588.135593220339,218.26447283974872,1710.1840615836627,31366.493837973278,0.23595927168310776
1613.5593220338983,218.26447283974872,1774.7318776455954,31366.493837973278,0.23595927168310776
1638.9830508474577,218.26447283974872,1839.2796937075286,31366.493837973278,0.23595927168310776
1664.406779661017,218.26447283974872,1903.8275097694618,31366.493837973278,0.23595927168310776
1689.8305084745762,218.26447283974872,1968.375325831394,31366.493837973278,0.23595927168310776
1715.2542372881355,218.26447283974872,2032.9231418933273,31366.493837973278,0.23595927168310776
1740.677966101695,218.26447283974872,2097.4709579552596,31366.493837973278,0.23595927168310776
1766.1016949152543,218.26447283974872,2162.0187740171928,31366.493837973278,0.23595927168310776
1791.5254237288136,218.26447283974872,2226.566590079126,31366.493837973278,0.23595927168310776
1816.9491525423728,218.26447283974872,2291.114406141058,31366.493837973278,0.23595927168310776
1842.3728813559321,218.26447283974872,2355.6622222029914,31366.493837973278,0.23595927168310776
1867.7966101694915,218.26447283974872,2420.2100382649237,31366.493837973278,0.23595927168310776
1893.2203389830509,218.26447283974872,2484.757854326857,31366.493837973278,0.23595927168310776
1918.6440677966102,218.26447283974872,2549.30567038879,31366.493837973278,0.23595927168310776
1944.0677966101696,218.26447283974872,2613.8534864507224,31366.493837973278,0.23595927168310776
1969.4915254237287,218.26447283974872,2678.4013025126546,31366.493837973278,0.23595927168310776
1994.915254237288,218.26447283974872,2742.949118574588,31366.493837973278,0.23595927168310776
2020.3389830508474,218.26447283974872,2807.496934636521,31366.493837973278,0.23595927168310776
2045.7627118644068,218.26447283974872,2872.044750698454,31366.493837973278,0.23595927168310776
2071.186440677966,218.26447283974872,2936.5925667603865,31366.493837973278,0.23595927168310776
2096.610169491525,218.26447283974872,3001.1403828223188,31366.493837973278,0.23595927168310776
2122.0338983050847,218.26447283974872,3065.688198884252,31366.493837973278,0.23595927168310776
2147.4576271186443,218.26447283974872,3130.236014946186,31366.493837973278,0.23595927168310776
2172.8813559322034,218.26447283974872,3194.7838310081183,31366.493837973278,0.23595927168310776
2198.3050847457625,218.26447283974872,3259.3316470700506,31366.493837973278,0.23595927168310776
2223.728813559322,218.26447283974872,3323.879463131984,31366.493837973278,0.23595927168310776
2249.1525423728813,218.26447283974872,3388.427279193916,31366.493837973278,0.23595927168310776
2274.576271186441,218.26447283974872,3452.9750952558493,31366.493837973278,0.23595927168310776
2300.0,218.26447283974872,3517.5229113177825,31366.493837973278,0.23595927168310776
800.0,245.37511066398193,-524.7978751918718,34456.423685001915,0.21634624143890602
825.4237288135594,245.37511066398193,-460.25005912993856,34555.8729030701,0.2157690106675502
850.8474576271186,245.37511066398193,-395.7022430680063,34655.32212113828,0.2151948519045853
876.271186440678,245.37511066398193,-331.1544270060731,34754.77133920644,0.21462374069136236
901.6949152542372,245.37511066398193,-266.60661094414036,34854.22055727462,0.21405565282819103
927.1186440677966,245.37511066398193,-202.05879488220762,34953.669775342794,0.21349056437092143
952.542372881356,245.37511066398193,-137.5109788202749,35053.118993410964,0.21292845162757987
977.9661016949153,245.37511066398193,-72.9631627583417,35152.568211479134,0.21236929115505762
1003.3898305084746,245.37511066398193,-8.41534669640896,35252.01742954732,0.21181305975585218
1028.8135593220338,245.37511066398193,56.132469365523775,35264.98300607321,0.21174075635856593
1054.2372881355932,245.37511066398193,120.68028542745651,35264.98300607321,0.21174075635856593
1079.6610169491526,245.37511066398193,185.22810148938925,35264.98300607321,0.21174075635856593
1105.084745762712,245.37511066398193,249.77591755132244,35264.98300607321,0.21174075635856593
1130.508474576271,245.37511066398193,314.3237336132547,35264.98300607321,0.21174075635856593
1155.9322033898306,245.37511066398193,378.87154967518836,35264.98300607321,0.21174075635856593
1181.3559322033898,245.37511066398193,443.41936573712064,35264.98300607321,0.21174075635856593
1206.7796610169491,245.37511066398193,507.9671817990534,35264.98300607321,0.21174075635856593
1232.2033898305085,245.37511066398193,572.5149978609866,35264.98300607321,0.21174075635856593
1257.6271186440677,245.37511066398193,637.0628139229188,35264.98300607321,0.21174075635856593
1283.0508474576272,245.37511066398193,701.6106299848525,35264.98300607321,0.21174075635856593
1308.4745762711864,245.37511066398193,766.1584460467848,35264.98300607321,0.21174075635856593
1333.8983050847457,245.37511066398193,830.7062621087175,35264.98300607321,0.21174075635856593
1359.322033898305,245.37511066398193,895.2540781706507,35264.98300607321,0.21174075635856593
1384.7457627118642,245.37511066398193,959.801894232583,35264.98300607321,0.21174075635856593
1410.1694915254238,245.37511066398193,1024.3497102945166,35264.98300607321,0.21174075635856593
1435.593220338983,245.37511066398193,1088.897526356449,35264.98300607321,0.21174075635856593
1461.0169491525423,245.37511066398193,1153.4453424183816,35264.98300607321,0.21174075635856593
1486.4406779661017,245.37511066398193,1217.9931584803148,35264.98300607321,0.21174075635856593
1511.864406779661,245.37511066398193,1282.5409745422476,35264.98300607321,0.21174075635856593
1537.2881355932204,245.37511066398193,1347.0887906041808,35264.98300607321,0.21174075635856593
1562.7118644067796,245.37511066398193,1411.636606666113,35264.98300607321,0.21174075635856593
1588.135593220339,245.37511066398193,1476.1844227280458,35264.98300607321,0.21174075635856593
1613.5593220338983,245.37511066398193,1540.7322387899785,35264.98300607321,0.21174075635856593
1638.9830508474577,245.37511066398193,1605.2800548519117,35264.98300607321,0.21174075635856593
1664.406779661017,245.37511066398193,1669.827870913845,35264.98300607321,0.21174075635856593
1689.8305084745762,245.37511066398193,1734.3756869757772,35264.98300607321,0.21174075635856593
1715.2542372881355,245.37511066398193,1798.9235030377104,35264.98300607321,0.21174075635856593
1740.677966101695,245.37511066398193,1863.4713190996426,35264.98300607321,0.21174075635856593
1766.1016949152543,245.37511066398193,1928.0191351615758,35264.98300607321,0.21174075635856593
1791.5254237288136,245.37511066398193,1992.566951223509,35264.98300607321,0.21174075635856593
1816.9491525423728,245.37511066398193,2057.1147672854413,35264.98300607321,0.21174075635856593
1842.3728813559321,245.37511066398193,2121.6625833473745,35264.98300607321,0.21174075635856593
1867.7966101694915,245.37511066398193,2186.210399409307,35264.98300607321,0.21174075635856593
1893.2203389830509,245.37511066398193,2250.75821547124,35264.98300607321,0.21174075635856593
1918.6440677966102,245.37511066398193,2315.306031533173,35264.98300607321,0.21174075635856593
1944.0677966101696,245.37511066398193,2379.8538475951054,35264.98300607321,0.21174075635856593
1969.4915254237287,245.37511066398193,2444.4016636570377,35264.98300607321,0.21174075635856593
1994.915254237288,245.37511066398193,2508.949479718971,35264.98300607321,0.21174075635856593
2020.3389830508474,245.37511066398193,2573.497295780904,35264.98300607321,0.21174075635856593
2045.7627118644068,245.37511066398193,2638.0451118428373,35264.98300607321,0.21174075635856593
2071.186440677966,245.37511066398193,2702.5929279047696,35264.98300607321,0.21174075635856593
2096.610169491525,245.37511066398193,2767.140743966702,35264.98300607321,0.21174075635856593
2122.0338983050847,245.37511066398193,2831.688560028635,35264.98300607321,0.21174075635856593
2147.4576271186443,245.37511066398193,2896.236376090569,35264.98300607321,0.21174075635856593
2172.8813559322034,245.37511066398193,2960.7841921525014,35264.98300607321,0.21174075635856593
2198.3050847457625,245.37511066398193,3025.3320082144337,35264.98300607321,0.21174075635856593
2223.728813559322,245.37511066398193,3089.879824276367,35264.98300607321,0.21174075635856593
2249.1525423728813,245.37511066398193,3154.427640338299,35264.98300607321,0.21174075635856593
2274.576271186441,245.37511066398193,3218.9754564002324,35264.98300607321,0.21174075635856593
2300.0,245.37511066398193,3283.5232724621656,35264.98300607321,0.21174075635856593
800.0,275.85316176291843,-787.862617394258,38433.838859563955,0.19543576183172834
825.4237288135594,275.85316176291843,-723.3148013323248,38533.28807763212,0.1949645991911529
850.8474576271186,275.85316176291843,-658.7669852703925,38632.737295700295,0.19449570287408258
876.271186440678,275.85316176291843,-594.2191692084593,38732.18651376848,0.1940290565680002
901.6949152542372,275.85316176291843,-529.6713531465266,38831.63573183665,0.1935646441165662
927.1186440677966,275.85316176291843,-465.12353708459386,38931.08494990483,0.19310244951775352
952.542372881356,275.85316176291843,-400.5757210226611,39030.53416797299,0.19264245692200999
977.9661016949153,275.85316176291843,-336.02790496072794,39129.983386041175,0.19218465063044635
1003.3898305084746,275.85316176291843,-271.4800888987952,39229.432604109345,0.19172901509305063
1028.8135593220338,275.85316176291843,-206.93227283686247,39328.88182217753,0.19127553490692714
1054.2372881355932,275.85316176291843,-142.38445677492973,39428.33104024569,0.190824194814561
1079.6610169491526,275.85316176291843,-77.836640712997,39527.780258313884,0.1903749797021068
1105.084745762712,275.85316176291843,-13.288824651063806,39627.22947638206,0.18992787459770158
1130.508474576271,275.85316176291843,51.258991410868475,39647.703650431955,0.1898360870959025
1155.9322033898306,275.85316176291843,115.80680747280212,39647.703650431955,0.1898360870959025
1181.3559322033898,275.85316176291843,180.3546235347344,39647.703650431955,0.1898360870959025
1206.7796610169491,275.85316176291843,244.90243959666714,39647.703650431955,0.1898360870959025
1232.2033898305085,275.85316176291843,309.4502556586003,39647.703650431955,0.1898360870959025
1257.6271186440677,275.85316176291843,373.9980717205326,39647.703650431955,0.1898360870959025
1283.0508474576272,275.85316176291843,438.54588778246625,39647.703650431955,0.1898360870959025
1308.4745762711864,275.85316176291843,503.09370384439853,39647.703650431955,0.1898360870959025
1333.8983050847457,275.85316176291843,567.6415199063313,39647.703650431955,0.1898360870959025
1359.322033898305,275.85316176291843,632.1893359682645,39647.703650431955,0.1898360870959025
1384.7457627118642,275.85316176291843,696.7371520301967,39647.703650431955,0.1898360870959025
1410.1694915254238,275.85316176291843,761.2849680921304,39647.703650431955,0.1898360870959025
1435.593220338983,275.85316176291843,825.8327841540627,39647.703650431955,0.1898360870959025
1461.0169491525423,275.85316176291843,890.3806002159954,39647.703650431955,0.1898360870959025
1486.4406779661017,275.85316176291843,954.9284162779286,39647.703650431955,0.1898360870959025
1511.864406779661,275.85316176291843,1019.4762323398613,39647.703650431955,0.1898360870959025
1537.2881355932204,275.85316176291843,1084.0240484017945,39647.703650431955,0.1898360870959025
1562.7118644067796,275.85316176291843,1148.5718644637268,39647.703650431955,0.1898360870959025
1588.135593220339,275.85316176291843,1213.1196805256595,39647.703650431955,0.1898360870959025
1613.5593220338983,275.85316176291843,1277.6674965875923,39647.703650431955,0.1898360870959025
1638.9830508474577,275.85316176291843,1342.2153126495255,39647.703650431955,0.1898360870959025
1664.406779661017,275.85316176291843,1406.7631287114586,39647.703650431955,0.1898360870959025
1689.8305084745762,275.85316176291843,1471.310944773391,39647.703650431955,0.1898360870959025
1715.2542372881355,275.85316176291843,1535.8587608353241,39647.703650431955,0.1898360870959025
1740.677966101695,275.85316176291843,1600.4065768972564,39647.703650431955,0.1898360870959025
1766.1016949152543,275.85316176291843,1664.9543929591896,39647.703650431955,0.1898360870959025
1791.5254237288136,275.85316176291843,1729.5022090211228,39647.703650431955,0.1898360870959025
1816.9491525423728,275.85316176291843,1794.050025083055,39647.703650431955,0.1898360870959025
1842.3728813559321,275.85316176291843,1858.5978411449883,39647.703650431955,0.1898360870959025
1867.7966101694915,275.85316176291843,1923.1456572069205,39647.703650431955,0.1898360870959025
1893.2203389830509,275.85316176291843,1987.6934732688537,39647.703650431955,0.1898360870959025
1918.6440677966102,275.85316176291843,2052.241289330787,39647.703650431955,0.1898360870959025
1944.0677966101696,275.85316176291843,2116.789105392719,39647.703650431955,0.1898360870959025
1969.4915254237287,275.85316176291843,2181.3369214546515,39647.703650431955,0.1898360870959025
1994.915254237288,275.85316176291843,2245.8847375165847,39647.703650431955,0.1898360870959025
2020.3389830508474,275.85316176291843,2310.432553578518,39647.703650431955,0.1898360870959025
2045.7627118644068,275.85316176291843,2374.980369640451,39647.703650431955,0.1898360870959025
2071.186440677966,275.85316176291843,2439.5281857023833,39647.703650431955,0.1898360870959025
2096.610169491525,275.85316176291843,2504.0760017643156,39647.703650431955,0.1898360870959025
2122.0338983050847,275.85316176291843,2568.623817826249,39647.703650431955,0.1898360870959025
2147.4576271186443,275.85316176291843,2633.171633888183,39647.703650431955,0.1898360870959025
2172.8813559322034,275.85316176291843,2697.719449950115,39647.703650431955,0.1898360870959025
2198.3050847457625,275.85316176291843,2762.2672660120475,39647.703650431955,0.1898360870959025
2223.728813559322,275.85316176291843,2826.8150820739806,39647.703650431955,0.1898360870959025
2249.1525423728813,275.85316176291843,2891.362898135913,39647.703650431955,0.1898360870959025
2274.576271186441,275.85316176291843,2955.910714197846,39647.703650431955,0.1898360870959025
2300.0,275.85316176291843,3020.4585302597793,39647.703650431955,0.1898360870959025
800.0,310.1168926574779,-1083.6026404492018,42905.28891241482,0.17628136416369622
825.4237288135594,310.1168926574779,-1019.0548243872686,43004.73813048299,0.17589794112167248
850.8474576271186,310.1168926574779,-954.5070083253363,43104.18734855117,0.17551618239806194
876.271186440678,310.1168926574779,-889.9591922634031,43203.63656661934,0.175136077179911
901.6949152542372,310.1168926574779,-825.4113762014704,43303.08578468752,0.17475761474773147
927.1186440677966,310.1168926574779,-760.8635601395376,43402.53500275569,0.1743807844744932
952.542372881356,310.1168926574779,-696.3157440776049,43501.98422082387,0.17400557582462903
977.9661016949153,310.1168926574779,-631.7679280156717,43601.43343889204,0.17363197835305316
1003.3898305084746,310.1168926574779,-567.220111953739,43700.882656960224,0.17325998170419168
1028.8135593220338,310.1168926574779,-502.67229589180624,43800.331875028394,0.17288957561102597
1054.2372881355932,310.1168926574779,-438.1244798298735,43899.781093096564,0.1725207498941481
1079.6610169491526,310.1168926574779,-373.5766637679408,43999.23031116474,0.17215349446082798
1105.084745762712,310.1168926574779,-309.0288477060076,44098.67952923292,0.17178779930409327
1130.508474576271,310.1168926574779,-244.4810316440753,44198.128747301096,0.17142365450182004
1155.9322033898306,310.1168926574779,-179.93321558214166,44297.57796536927,0.17106105021583562
1181.3559322033898,310.1168926574779,-115.38539952020938,44397.02718343745,0.17069997669103248
1206.7796610169491,310.1168926574779,-50.83758345827664,44496.47640150563,0.17034042425449344
1232.2033898305085,310.1168926574779,13.71023260365655,44574.80217969383,0.17005830679091158
1257.6271186440677,310.1168926574779,78.25804866558883,44574.80217969383,0.17005830679091158
1283.0508474576272,310.1168926574779,142.80586472752248,44574.80217969383,0.17005830679091158
1308.4745762711864,310.1168926574779,207.35368078945476,44574.80217969383,0.17005830679091158
1333.8983050847457,310.1168926574779,271.9014968513875,44574.80217969383,0.17005830679091158
1359.322033898305,310.1168926574779,336.4493129133207,44574.80217969383,0.17005830679091158
1384.7457627118642,310.1168926574779,400.99712897525296,44574.80217969383,0.17005830679091158
1410.1694915254238,310.1168926574779,465.5449450371866,44574.80217969383,0.17005830679091158
1435.593220338983,310.1168926574779,530.0927610991189,44574.80217969383,0.17005830679091158
1461.0169491525423,310.1168926574779,594.6405771610516,44574.80217969383,0.17005830679091158
1486.4406779661017,310.1168926574779,659.1883932229848,44574.80217969383,0.17005830679091158
1511.864406779661,310.1168926574779,723.7362092849175,44574.80217969383,0.17005830679091158
1537.2881355932204,310.1168926574779,788.2840253468507,44574.80217969383,0.17005830679091158
1562.7118644067796,310.1168926574779,852.831841408783,44574.80217969383,0.17005830679091158
1588.135593220339,310.1168926574779,917.3796574707158,44574.80217969383,0.17005830679091158
1613.5593220338983,310.1168926574779,981.9274735326485,44574.80217969383,0.17005830679091158
1638.9830508474577,310.1168926574779,1046.4752895945817,44574.80217969383,0.17005830679091158
1664.406779661017,310.1168926574779,1111.0231056565149,44574.80217969383,0.17005830679091158
1689.8305084745762,310.1168926574779,1175.5709217184472,44574.80217969383,0.17005830679091158
1715.2542372881355,310.1168926574779,1240.1187377803803,44574.80217969383,0.17005830679091158
1740.677966101695,310.1168926574779,1304.6665538423126,44574.80217969383,0.17005830679091158
1766.1016949152543,310.1168926574779,1369.2143699042458,44574.80217969383,0.17005830679091158
1791.5254237288136,310.1168926574779,1433.762185966179,44574.80217969383,0.17005830679091158
1816.9491525423728,310.1168926574779,1498.3100020281113,44574.80217969383,0.17005830679091158
1842.3728813559321,310.1168926574779,1562.8578180900445,44574.80217969383,0.17005830679091158
1867.7966101694915,310.1168926574779,1627.4056341519768,44574.80217969383,0.17005830679091158
1893.2203389830509,310.1168926574779,1691.95345021391,44574.80217969383,0.17005830679091158
1918.6440677966102,310.1168926574779,1756.5012662758431,44574.80217969383,0.17005830679091158
1944.0677966101696,310.1168926574779,1821.0490823377754,44574.80217969383,0.17005830679091158
1969.4915254237287,310.1168926574779,1885.5968983997077,44574.80217969383,0.17005830679091158
1994.915254237288,310.1168926574779,1950.144714461641,44574.80217969383,0.17005830679091158
2020.3389830508474,310.1168926574779,2014.692530523574,44574.80217969383,0.17005830679091158
2045.7627118644068,310.1168926574779,2079.2403465855073,44574.80217969383,0.17005830679091158
2071.186440677966,310.1168926574779,2143.7881626474395,44574.80217969383,0.17005830679091158
2096.610169491525,310.1168926574779,2208.335978709372,44574.80217969383,0.17005830679091158
2122.0338983050847,310.1168926574779,2272.883794771305,44574.80217969383,0.17005830679091158
2147.4576271186443,310.1168926574779,2337.431610833239,44574.80217969383,0.17005830679091158
2172.8813559322034,310.1168926574779,2401.9794268951714,44574.80217969383,0.17005830679091158
2198.3050847457625,310.1168926574779,2466.5272429571037,44574.80217969383,0.17005830679091158
2223.728813559322,310.1168926574779,2531.075059019037,44574.80217969383,0.17005830679091158
2249.1525423728813,310.1168926574779,2595.622875080969,44574.80217969383,0.17005830679091158
2274.576271186441,310.1168926574779,2660.1706911429023,44574.80217969383,0.17005830679091158
2300.0,310.1168926574779,2724.7185072048355,44574.80217969383,0.17005830679091158
800.0,348.63652276780874,-1416.0765421370643,47932.13793310868,0.15878595852516916
825.4237288135594,348.63652276780874,-1351.528726075131,48031.587151176864,0.15847479881814838
850.8474576271186,348.63652276780874,-1286.9809100131988,48131.036369245034,0.1581648562339059
876.271186440678,348.63652276780874,-1222.4330939512656,48230.48558731321,0.1578561236450908
901.6949152542372,348.63652276780874,-1157.8852778893329,48329.93480538138,0.1575485939798936
927.1186440677966,348.63652276780874,-1093.3374618274001,48429.38402344956,0.15724226022150548
952.542372881356,348.63652276780874,-1028.7896457654674,48528.833241517714,0.15693711540758523
977.9661016949153,348.63652276780874,-964.2418297035342,48628.282459585906,0.15663315262973138
1003.3898305084746,348.63652276780874,-899.6940136416015,48727.73167765409,0.15633036503296113
1028.8135593220338,348.63652276780874,-835.1461975796688,48827.18089572225,0.15602874581519477
1054.2372881355932,348.63652276780874,-770.598381517736,48926.63011379044,0.15572828822674645
1079.6610169491526,348.63652276780874,-706.0505654558033,49026.0793318586,0.1554289855698207
1105.084745762712,348.63652276780874,-641.5027493938701,49125.528549926785,0.15513083119801477
1130.508474576271,348.63652276780874,-576.9549333319378,49224.97776799495,0.15483381851582642
1155.9322033898306,348.63652276780874,-512.4071172700042,49324.426986063125,0.15453794097816792
1181.3559322033898,348.63652276780874,-447.8593012080719,49423.87620413129,0.154243192089885
1206.7796610169491,348.63652276780874,-383.31148514613915,49523.32542219947,0.1539495654052816
1232.2033898305085,348.63652276780874,-318.76366908420596,49622.77464026766,0.15365705452765024
1257.6271186440677,348.63652276780874,-254.21585302227368,49722.22385833582,0.15336565310880726
1283.0508474576272,348.63652276780874,-189.66803696034003,49821.673076404,0.15307535484863358
1308.4745762711864,348.63652276780874,-125.12022089840775,49921.12229447217,0.15278615349462085
1333.8983050847457,348.63652276780874,-60.572404836475016,50020.57151254035,0.15249804284142232
1359.322033898305,348.63652276780874,3.975411225458174,50113.89579002971,0.15222866304741656
1384.7457627118642,348.63652276780874,68.52322728739045,50113.89579002971,0.15222866304741656
1410.1694915254238,348.63652276780874,133.0710433493241,50113.89579002971,0.15222866304741656
1435.593220338983,348.63652276780874,197.61885941125638,50113.89579002971,0.15222866304741656
1461.0169491525423,348.63652276780874,262.1666754731891,50113.89579002971,0.15222866304741656
1486.4406779661017,348.63652276780874,326.7144915351223,50113.89579002971,0.15222866304741656
1511.864406779661,348.63652276780874,391.26230759705504,50113.89579002971,0.15222866304741656
1537.2881355932204,348.63652276780874,455.81012365898823,50113.89579002971,0.15222866304741656
1562.7118644067796,348.63652276780874,520.3579397209205,50113.89579002971,0.15222866304741656
1588.135593220339,348.63652276780874,584.9057557828532,50113.89579002971,0.15222866304741656
1613.5593220338983,348.63652276780874,649.453571844786,50113.89579002971,0.15222866304741656
1638.9830508474577,348.63652276780874,714.0013879067192,50113.89579002971,0.15222866304741656
1664.406779661017,348.63652276780874,778.5492039686524,50113.89579002971,0.15222866304741656
1689.8305084745762,348.63652276780874,843.0970200305846,50113.89579002971,0.15222866304741656
1715.2542372881355,348.63652276780874,907.6448360925178,50113.89579002971,0.15222866304741656
1740.677966101695,348.63652276780874,972.1926521544501,50113.89579002971,0.15222866304741656
1766.1016949152543,348.63652276780874,1036.7404682163833,50113.89579002971,0.15222866304741656
1791.5254237288136,348.63652276780874,1101.2882842783165,50113.89579002971,0.15222866304741656
1816.9491525423728,348.63652276780874,1165.8361003402488,50113.89579002971,0.15222866304741656
1842.3728813559321,348.63652276780874,1230.383916402182,50113.89579002971,0.15222866304741656
1867.7966101694915,348.63652276780874,1294.9317324641142,50113.89579002971,0.15222866304741656
1893.2203389830509,348.63652276780874,1359.4795485260474,50113.89579002971,0.15222866304741656
1918.6440677966102,348.63652276780874,1424.0273645879806,50113.89579002971,0.15222866304741656
1944.0677966101696,348.63652276780874,1488.575180649913,50113.89579002971,0.15222866304741656
1969.4915254237287,348.63652276780874,1553.1229967118452,50113.89579002971,0.15222866304741656
1994.915254237288,348.63652276780874,1617.6708127737784,50113.89579002971,0.15222866304741656
2020.3389830508474,348.63652276780874,1682.2186288357116,50113.89579002971,0.15222866304741656
2045.7627118644068,348.63652276780874,1746.7664448976448,50113.89579002971,0.15222866304741656
2071.186440677966,348.63652276780874,1811.314260959577,50113.89579002971,0.15222866304741656
2096.610169491525,348.63652276780874,1875.8620770215093,50113.89579002971,0.15222866304741656
2122.0338983050847,348.63652276780874,1940.4098930834425,50113.89579002971,0.15222866304741656
2147.4576271186443,348.63652276780874,2004.9577091453766,50113.89579002971,0.15222866304741656
2172.8813559322034,348.63652276780874,2069.505525207309,50113.89579002971,0.15222866304741656
2198.3050847457625,348.63652276780874,2134.053341269241,50113.89579002971,0.15222866304741656
2223.728813559322,348.63652276780874,2198.6011573311744,50113.89579002971,0.15222866304741656
2249.1525423728813,348.63652276780874,2263.1489733931066,50113.89579002971,0.15222866304741656
2274.576271186441,348.63652276780874,2327.69678945504,50113.89579002971,0.15222866304741656
2300.0,348.63652276780874,2392.244605516973,50113.89579002971,0.15222866304741656
800.0,391.94067748472213,-1789.8470388108026,53583.37204691472,0.14284778397826187
825.4237288135594,391.94067748472213,-1725.2992227488694,53682.82126498291,0.1425959051805532
850.8474576271186,391.94067748472213,-1660.7514066869371,53782.27048305107,0.14234491307855726
876.271186440678,391.94067748472213,-1596.203590625004,53881.71970111923,0.14209480299831276
901.6949152542372,391.94067748472213,-1531.6557745630712,53981.16891918743,0.14184557029865072
927.1186440677966,391.94067748472213,-1467.1079585011385,54080.618137255595,0.1415972103709075
952.542372881356,391.94067748472213,-1402.5601424392057,54180.06735532377,0.14134971863864043
977.9661016949153,391.94067748472213,-1338.0123263772725,54279.51657339194,0.14110309055734707
1003.3898305084746,391.94067748472213,-1273.4645103153398,54378.96579146012,0.14085732161418668
1028.8135593220338,391.94067748472213,-1208.916694253407,54478.4150095283,0.14061240732770539
1054.2372881355932,391.94067748472213,-1144.3688781914743,54577.86422759647,0.14036834324756328
1079.6610169491526,391.94067748472213,-1079.8210621295416,54677.31344566463,0.14012512495426538
1105.084745762712,391.94067748472213,-1015.2732460676084,54776.76266373282,0.13988274805889442
1130.508474576271,391.94067748472213,-950.7254300056761,54876.211881801,0.1396412082028472
1155.9322033898306,391.94067748472213,-886.1776139437425,54975.66109986917,0.13940050105757304
1181.3559322033898,391.94067748472213,-821.6297978818102,55075.11031793733,0.13916062232431545
1206.7796610169491,391.94067748472213,-757.0819818198775,55174.55953600552,0.13892156773385603
1232.2033898305085,391.94067748472213,-692.5341657579443,55274.008754073686,0.1386833330462613
1257.6271186440677,391.94067748472213,-627.986349696012,55373.45797214186,0.138445914050632
1283.0508474576272,391.94067748472213,-563.4385336340783,55472.90719021003,0.13820930656485503
1308.4745762711864,391.94067748472213,-498.89071757214606,55572.35640827821,0.13797350643535775
1333.8983050847457,391.94067748472213,-434.3429015102133,55671.80562634638,0.13773850953686517
1359.322033898305,391.94067748472213,-369.79508544828013,55771.254844414565,0.1375043117721591
1384.7457627118642,391.94067748472213,-305.24726938634785,55870.704062482735,0.1372709090718403
1410.1694915254238,391.94067748472213,-240.6994533244142,55970.15328055092,0.13703829739409254
1435.593220338983,391.94067748472213,-176.15163726248193,56069.602498619104,0.13680647272444946
1461.0169491525423,391.94067748472213,-111.60382120054919,56169.05171668726,0.1365754310755635
1486.4406779661017,391.94067748472213,-47.056005138616,56268.50093475544,0.1363451684869774
1511.864406779661,391.94067748472213,17.491810923316734,56341.00041191757,0.136177793484109
1537.2881355932204,391.94067748472213,82.03962698524992,56341.00041191757,0.136177793484109
1562.7118644067796,391.94067748472213,146.5874430471822,56341.00041191757,0.136177793484109
1588.135593220339,391.94067748472213,211.13525910911494,56341.00041191757,0.136177793484109
1613.5593220338983,391.94067748472213,275.6830751710477,56341.00041191757,0.136177793484109
1638.9830508474577,391.94067748472213,340.23089123298087,56341.00041191757,0.136177793484109
1664.406779661017,391.94067748472213,404.77870729491406,56341.00041191757,0.136177793484109
1689.8305084745762,391.94067748472213,469.32652335684634,56341.00041191757,0.136177793484109
1715.2542372881355,391.94067748472213,533.8743394187795,56341.00041191757,0.136177793484109
1740.677966101695,391.94067748472213,598.4221554807118,56341.00041191757,0.136177793484109
1766.1016949152543,391.94067748472213,662.969971542645,56341.00041191757,0.136177793484109
1791.5254237288136,391.94067748472213,727.5177876045782,56341.00041191757,0.136177793484109
1816.9491525423728,391.94067748472213,792.0656036665105,56341.00041191757,0.136177793484109
1842.3728813559321,391.94067748472213,856.6134197284437,56341.00041191757,0.136177793484109
1867.7966101694915,391.94067748472213,921.1612357903759,56341.00041191757,0.136177793484109
1893.2203389830509,391.94067748472213,985.7090518523091,56341.00041191757,0.136177793484109
1918.6440677966102,391.94067748472213,1050.2568679142423,56341.00041191757,0.136177793484109
1944.0677966101696,391.94067748472213,1114.8046839761746,56341.00041191757,0.136177793484109
1969.4915254237287,391.94067748472213,1179.3525000381069,56341.00041191757,0.136177793484109
1994.915254237288,391.94067748472213,1243.90031610004,56341.00041191757,0.136177793484109
2020.3389830508474,391.94067748472213,1308.4481321619733,56341.00041191757,0.136177793484109
2045.7627118644068,391.94067748472213,1372.9959482239065,56341.00041191757,0.136177793484109
2071.186440677966,391.94067748472213,1437.5437642858387,56341.00041191757,0.136177793484109
2096.610169491525,391.94067748472213,1502.091580347771,56341.00041191757,0.136177793484109
2122.0338983050847,391.94067748472213,1566.6393964097042,56341.00041191757,0.136177793484109
2147.4576271186443,391.94067748472213,1631.1872124716383,56341.00041191757,0.136177793484109
2172.8813559322034,391.94067748472213,1695.7350285335706,56341.00041191757,0.136177793484109
2198.3050847457625,391.94067748472213,1760.2828445955029,56341.00041191757,0.136177793484109
2223.728813559322,391.94067748472213,1824.830660657436,56341.00041191757,0.136177793484109
2249.1525423728813,391.94067748472213,1889.3784767193683,56341.00041191757,0.136177793484109
2274.576271186441,391.94067748472213,1953.9262927813015,56341.00041191757,0.136177793484109
2300.0,391.94067748472213,2018.4741088432347,56341.00041191757,0.136177793484109
800.0,440.6236427773573,-2210.0435819815593,59936.54614814066,0.1283629467374318
825.4237288135594,440.6236427773573,-2145.495765919626,60035.99536620884,0.12815952300878258
850.8474576271186,440.6236427773573,-2080.947949857694,60135.444584277015,0.127956743013222
876.271186440678,440.6236427773573,-2016.4001337957607,60234.893802345185,0.12775460369994332
901.6949152542372,440.6236427773573,-1951.852317733828,60334.34302041336,0.12755310203738743
927.1186440677966,440.6236427773573,-1887.3045016718952,60433.79223848153,0.12735223501309123
952.542372881356,440.6236427773573,-1822.7566856099625,60533.24145654972,0.12715199963353757
977.9661016949153,440.6236427773573,-1758.2088695480293,60632.69067461789,0.1269523929240066
1003.3898305084746,440.6236427773573,-1693.6610534860965,60732.13989268606,0.12675341192842823
1028.8135593220338,440.6236427773573,-1629.1132374241638,60831.589110754234,0.1265550537092365
1054.2372881355932,440.6236427773573,-1564.565421362231,60931.038328822404,0.12635731534722477
1079.6610169491526,440.6236427773573,-1500.0176053002983,61030.487546890574,0.12616019394140268
1105.084745762712,440.6236427773573,-1435.4697892383651,61129.936764958766,0.1259636866088542
1130.508474576271,440.6236427773573,-1370.9219731764329,61229.385983026936,0.1257677904845971
1155.9322033898306,440.6236427773573,-1306.3741571144992,61328.83520109511,0.12557250272144374
1181.3559322033898,440.6236427773573,-1241.826341052567,61428.28441916329,0.1253778204898631
1206.7796610169491,440.6236427773573,-1177.2785249906342,61527.73363723145,0.1251837409778441
1232.2033898305085,440.6236427773573,-1112.730708928701,61627.18285529962,0.1249902613907603
1257.6271186440677,440.6236427773573,-1048.1828928667687,61726.63207336783,0.12479737895123567
1283.0508474576272,440.6236427773573,-983.6350768048351,61826.08129143598,0.12460509089901177
1308.4745762711864,440.6236427773573,-919.0872607429028,61925.53050950417,0.12441339449081593
1333.8983050847457,440.6236427773573,-854.5394446809701,62024.97972757234,0.12422228700023102
1359.322033898305,440.6236427773573,-789.9916286190369,62124.4289456405,0.12403176571756597
1384.7457627118642,440.6236427773573,-725.4438125571046,62223.87816370868,0.12384182794972791
1410.1694915254238,440.6236427773573,-660.895996495171,62323.32738177687,0.12365247102009505
1435.593220338983,440.6236427773573,-596.3481804332387,62422.776599845034,0.12346369226839118
1461.0169491525423,440.6236427773573,-531.8003643713059,62522.225817913226,0.12327548905056086
1486.4406779661017,440.6236427773573,-467.25254830937274,62621.67503598139,0.1230878587386462
1511.864406779661,440.6236427773573,-402.70473224744,62721.12425404955,0.12290079872066434
1537.2881355932204,440.6236427773573,-338.1569161855068,62820.573472117736,0.12271430640048638
1562.7118644067796,440.6236427773573,-273.60910012357454,62920.02269018591,0.12252837919771722
1588.135593220339,440.6236427773573,-209.0612840616418,63019.47190825408,0.1223430145475766
1613.5593220338983,440.6236427773573,-144.51346799970906,63118.92112632226,0.12215820990078108
1638.9830508474577,440.6236427773573,-79.96565193777587,63218.37034439044,0.12197396272342718
1664.406779661017,440.6236427773573,-15.417835875842684,63317.8195624586,0.12179027049687574
1689.8305084745762,440.6236427773573,49.1299801860896,63341.57391722538,0.12174647576128071
1715.2542372881355,440.6236427773573,113.67779624802279,63341.57391722538,0.12174647576128071
1740.677966101695,440.6236427773573,178.22561230995507,63341.57391722538,0.12174647576128071
1766.1016949152543,440.6236427773573,242.77342837188826,63341.57391722538,0.12174647576128071
1791.5254237288136,440.6236427773573,307.32124443382145,63341.57391722538,0.12174647576128071
1816.9491525423728,440.6236427773573,371.86906049575373,63341.57391722538,0.12174647576128071
1842.3728813559321,440.6236427773573,436.4168765576869,63341.57391722538,0.12174647576128071
1867.7966101694915,440.6236427773573,500.9646926196192,63341.57391722538,0.12174647576128071
1893.2203389830509,440.6236427773573,565.5125086815524,63341.57391722538,0.12174647576128071
1918.6440677966102,440.6236427773573,630.0603247434856,63341.57391722538,0.12174647576128071
1944.0677966101696,440.6236427773573,694.6081408054179,63341.57391722538,0.12174647576128071
1969.4915254237287,440.6236427773573,759.1559568673501,63341.57391722538,0.12174647576128071
1994.915254237288,440.6236427773573,823.7037729292833,63341.57391722538,0.12174647576128071
2020.3389830508474,440.6236427773573,888.2515889912165,63341.57391722538,0.12174647576128071
2045.7627118644068,440.6236427773573,952.7994050531497,63341.57391722538,0.12174647576128071
2071.186440677966,440.6236427773573,1017.347221115082,63341.57391722538,0.12174647576128071
2096.610169491525,440.6236427773573,1081.8950371770143,63341.57391722538,0.12174647576128071
2122.0338983050847,440.6236427773573,1146.4428532389475,63341.57391722538,0.12174647576128071
2147.4576271186443,440.6236427773573,1210.9906693008816,63341.57391722538,0.12174647576128071
2172.8813559322034,440.6236427773573,1275.5384853628138,63341.57391722538,0.12174647576128071
2198.3050847457625,440.6236427773573,1340.0863014247461,63341.57391722538,0.12174647576128071
2223.728813559322,440.6236427773573,1404.6341174866793,63341.57391722538,0.12174647576128071
2249.1525423728813,440.6236427773573,1469.1819335486116,63341.57391722538,0.12174647576128071
2274.576271186441,440.6236427773573,1533.7297496105448,63341.57391722538,0.12174647576128071
2300.0,440.6236427773573,1598.277565672478,63341.57391722538,0.12174647576128071
800.0,495.3535208959175,-2682.4327525125263,67078.84822723547,0.11522753091257486
825.4237288135594,495.3535208959175,-2617.884936450593,67178.29744530366,0.11506358326096239
850.8474576271186,495.3535208959175,-2553.337120388661,67277.74666337184,0.11490010148140226
876.271186440678,495.3535208959175,-2488.7893043267277,67377.19588144,0.1147370835909855
901.6949152542372,495.3535208959175,-2424.241488264795,67476.64509950818,0.1145745276180405
927.1186440677966,495.3535208959175,-2359.693672202862,67576.09431757635,0.1144124316020534
952.542372881356,495.3535208959175,-2295.1458561409295,67675.54353564454,0.1142507935935894
977.9661016949153,495.3535208959175,-2230.5980400789963,67774.9927537127,0.1140896116542145
1003.3898305084746,495.3535208959175,-2166.0502240170636,67874.44197178086,0.11392888385641803
1028.8135593220338,495.3535208959175,-2101.502407955131,67973.89118984906,0.11376860828353587
1054.2372881355932,495.3535208959175,-2036.954591893198,68073.34040791725,0.11360878302967423
1079.6610169491526,495.3535208959175,-1972.4067758312653,68172.78962598542,0.11344940619963408
1105.084745762712,495.3535208959175,-1907.8589597693322,68272.23884405357,0.1132904759088363
1130.508474576271,495.3535208959175,-1843.3111437073999,68371.68806212176,0.11313199028324729
1155.9322033898306,495.3535208959175,-1778.7633276454662,68471.13728018994,0.11297394745930545
1181.3559322033898,495.3535208959175,-1714.215511583534,68570.5864982581,0.11281634558384805
1206.7796610169491,495.3535208959175,-1649.6676955216012,68670.03571632628,0.11265918281403876
1232.2033898305085,495.3535208959175,-1585.119879459668,68769.48493439445,0.11250245731729597
1257.6271186440677,495.3535208959175,-1520.5720633977357,68868.93415246264,0.11234616727122136
1283.0508474576272,495.3535208959175,-1456.024247335802,68968.3833705308,0.11219031086352947
1308.4745762711864,495.3535208959175,-1391.4764312738698,69067.83258859898,0.1120348862919775
1333.8983050847457,495.3535208959175,-1326.928615211937,69167.28180666715,0.11187989176429587
1359.322033898305,495.3535208959175,-1262.380799150004,69266.73102473535,0.1117253254981194
1384.7457627118642,495.3535208959175,-1197.8329830880716,69366.1802428035,0.11157118572091891
1410.1694915254238,495.3535208959175,-1133.285167026138,69465.62946087167,0.11141747066993347
1435.593220338983,495.3535208959175,-1068.7373509642057,69565.07867893984,0.11126417859210329
1461.0169491525423,495.3535208959175,-1004.189534902273,69664.52789700804,0.11111130774400295
1486.4406779661017,495.3535208959175,-939.6417188403398,69763.97711507621,0.11095885639177541
1511.864406779661,495.3535208959175,-875.093902778407,69863.42633314438,0.11080682281106635
1537.2881355932204,495.3535208959175,-810.5460867164738,69962.87555121255,0.11065520528695928
1562.7118644067796,495.3535208959175,-745.9982706545416,70062.32476928073,0.11050400211391101
1588.135593220339,495.3535208959175,-681.4504545926088,70161.77398734889,0.11035321159568763
1613.5593220338983,495.3535208959175,-616.9026385306761,70261.22320541707,0.11020283204530114
1638.9830508474577,495.3535208959175,-552.3548224687429,70360.67242348524,0.1100528617849466
1664.406779661017,495.3535208959175,-487.8070064068097,70460.12164155343,0.10990329914593959
1689.8305084745762,495.3535208959175,-423.2591903448774,70559.5708596216,0.10975414246865449
1715.2542372881355,495.3535208959175,-358.71137428294423,70659.02007768977,0.10960539010246285
1740.677966101695,495.3535208959175,-294.16355822101195,70758.46929575795,0.10945704040567282
1766.1016949152543,495.3535208959175,-229.61574215907876,70857.91851382611,0.10930909174546849
1791.5254237288136,495.3535208959175,-165.06792609714557,70957.3677318943,0.10916154249785005
1816.9491525423728,495.3535208959175,-100.52011003521329,71056.81694996248,0.10901439104757449
1842.3728813559321,495.3535208959175,-35.9722939732801,71156.26616803065,0.10886763578809648
1867.7966101694915,495.3535208959175,28.57552208865218,71211.68890308228,0.1087860208765562
1893.2203389830509,495.3535208959175,93.12333815058537,71211.68890308228,0.1087860208765562
1918.6440677966102,495.3535208959175,157.67115421251856,71211.68890308228,0.1087860208765562
1944.0677966101696,495.3535208959175,222.21897027445084,71211.68890308228,0.1087860208765562
1969.4915254237287,495.3535208959175,286.7667863363831,71211.68890308228,0.1087860208765562
1994.915254237288,495.3535208959175,351.3146023983163,71211.68890308228,0.1087860208765562
2020.3389830508474,495.3535208959175,415.8624184602495,71211.68890308228,0.1087860208765562
2045.7627118644068,495.3535208959175,480.4102345221827,71211.68890308228,0.1087860208765562
2071.186440677966,495.3535208959175,544.958050584115,71211.68890308228,0.1087860208765562
2096.610169491525,495.3535208959175,609.5058666460473,71211.68890308228,0.1087860208765562
2122.0338983050847,495.3535208959175,674.0536827079804,71211.68890308228,0.1087860208765562
2147.4576271186443,495.3535208959175,738.6014987699145,71211.68890308228,0.1087860208765562
2172.8813559322034,495.3535208959175,803.1493148318468,71211.68890308228,0.1087860208765562
2198.3050847457625,495.3535208959175,867.6971308937791,71211.68890308228,0.1087860208765562
2223.728813559322,495.3535208959175,932.2449469557123,71211.68890308228,0.1087860208765562
2249.1525423728813,495.3535208959175,996.7927630176446,71211.68890308228,0.1087860208765562
2274.576271186441,495.3535208959175,1061.3405790795778,71211.68890308228,0.1087860208765562
2300.0,495.3535208959175,1125.888395141511,71211.68890308228,0.1087860208765562
800.0,556.8813990945273,-3213.497398478092,75108.29589799861,0.10333930274167592
825.4237288135594,556.8813990945273,-3148.9495824161586,75207.74511606677,0.10320742014215865
850.8474576271186,556.8813990945273,-3084.4017663542263,75307.19433413495,0.10307587373324355
876.271186440678,556.8813990945273,-3019.853950292293,75406.64355220312,0.1029446622310587
901.6949152542372,556.8813990945273,-2955.3061342303604,75506.09277027131,0.10281378435826116
927.1186440677966,556.8813990945273,-2890.7583181684276,75605.5419883395,0.10268323884399545
952.542372881356,556.8813990945273,-2826.210502106495,75704.99120640766,0.10255302442385249
977.9661016949153,556.8813990945273,-2761.6626860445617,75804.44042447585,0.1024231398398287
1003.3898305084746,556.8813990945273,-2697.114869982629,75903.889642544,0.10229358384028565
1028.8135593220338,556.8813990945273,-2632.5670539206963,76003.33886061219,0.10216435517990965
1054.2372881355932,556.8813990945273,-2568.0192378587635,76102.78807868036,0.10203545261967197
1079.6610169491526,556.8813990945273,-2503.471421796831,76202.23729674853,0.10190687492678922
1105.084745762712,556.8813990945273,-2438.9236057348976,76301.6865148167,0.10177862087468413
1130.508474576271,556.8813990945273,-2374.3757896729653,76401.13573288485,0.10165068924294632
1155.9322033898306,556.8813990945273,-2309.8279736110317,76500.58495095307,0.1015230788172938
1181.3559322033898,556.8813990945273,-2245.2801575490994,76600.03416902124,0.10139578838953453
1206.7796610169491,556.8813990945273,-2180.7323414871667,76699.4833870894,0.10126881675752819
1232.2033898305085,556.8813990945273,-2116.1845254252335,76798.93260515756,0.1011421627251484
1257.6271186440677,556.8813990945273,-2051.636709363301,76898.38182322576,0.10101582510224512
1283.0508474576272,556.8813990945273,-1987.0888933013675,76997.83104129393,0.10088980270460748
1308.4745762711864,556.8813990945273,-1922.5410772394353,77097.2802593621,0.10076409435392664
1333.8983050847457,556.8813990945273,-1857.9932611775025,77196.72947743027,0.10063869887775916
1359.322033898305,556.8813990945273,-1793.4454451155693,77296.17869549844,0.10051361510949046
1384.7457627118642,556.8813990945273,-1728.897629053637,77395.62791356663,0.10038884188829879
1410.1694915254238,556.8813990945273,-1664.3498129917034,77495.07713163481,0.10026437805911913
1435.593220338983,556.8813990945273,-1599.8019969297711,77594.52634970297,0.10014022247260772
1461.0169491525423,556.8813990945273,-1535.2541808678384,77693.97556777115,0.10001637398510656
1486.4406779661017,556.8813990945273,-1470.7063648059052,77793.42478583934,0.09989283145860839
1511.864406779661,556.8813990945273,-1406.1585487439725,77892.8740039075,0.09976959376072171
1537.2881355932204,556.8813990945273,-1341.6107326820393,77992.32322197566,0.09964665976463634
1562.7118644067796,556.8813990945273,-1277.062916620107,78091.77244004385,0.09952402834908892
1588.135593220339,556.8813990945273,-1212.5151005581743,78191.22165811202,0.09940169839832894
1613.5593220338983,556.8813990945273,-1147.9672844962415,78290.6708761802,0.09927966880208483
1638.9830508474577,556.8813990945273,-1083.4194684343083,78390.12009424838,0.0991579384555304
1664.406779661017,556.8813990945273,-1018.8716523723751,78489.56931231654,0.09903650625925153
1689.8305084745762,556.8813990945273,-954.3238363104429,78589.01853038471,0.09891537111921295
1715.2542372881355,556.8813990945273,-889.7760202485097,78688.46774845291,0.09879453194672552
1740.677966101695,556.8813990945273,-825.2282041865774,78787.91696652106,0.09867398765841363
1766.1016949152543,556.8813990945273,-760.6803881246442,78887.36618458925,0.09855373717618258
1791.5254237288136,556.8813990945273,-696.132572062711,78986.81540265743,0.09843377942718677
1816.9491525423728,556.8813990945273,-631.5847560007787,79086.26462072557,0.0983141133437976
1842.3728813559321,556.8813990945273,-567.0369399388455,79185.71383879377,0.09819473786357182
1867.7966101694915,556.8813990945273,-502.48912387691325,79285.16305686196,0.09807565192922006
1893.2203389830509,556.8813990945273,-437.94130781498006,79384.61227493013,0.09795685448857576
1918.6440677966102,556.8813990945273,-373.3934917530469,79484.06149299831,0.09783834449456404
1944.0677966101696,556.8813990945273,-308.8456756911146,79583.5107110665,0.09772012090517095
1969.4915254237287,556.8813990945273,-244.2978596291823,79682.95992913465,0.09760218268341295
1994.915254237288,556.8813990945273,-179.75004356724912,79782.40914720285,0.09748452879730664
2020.3389830508474,556.8813990945273,-115.20222750531593,79881.85836527101,0.09736715821983866
2045.7627118644068,556.8813990945273,-50.65441144338274,79981.30758333918,0.09725006992893563
2071.186440677966,556.8813990945273,13.893404618549539,80059.35114727501,0.09715838098677902
2096.610169491525,556.8813990945273,78.44122068048182,80059.35114727501,0.09715838098677902
2122.0338983050847,556.8813990945273,142.989036742415,80059.35114727501,0.09715838098677902
2147.4576271186443,556.8813990945273,207.5368528043491,80059.35114727501,0.09715838098677902
2172.8813559322034,556.8813990945273,272.0846688662814,80059.35114727501,0.09715838098677902
2198.3050847457625,556.8813990945273,336.63248492821367,80059.35114727501,0.09715838098677902
2223.728813559322,556.8813990945273,401.18030099014686,80059.35114727501,0.09715838098677902
2249.1525423728813,556.8813990945273,465.72811705207914,80059.35114727501,0.09715838098677902
2274.576271186441,556.8813990945273,530.2759331140123,80059.35114727501,0.09715838098677902
2300.0,556.8813990945273,594.8237491759455,80059.35114727501,0.09715838098677902
800.0,626.0516572014822,-3810.5256027392743,84135.0815454764,0.09259904194792669
825.4237288135594,626.0516572014822,-3745.977786677341,84234.53076354458,0.09249313436901214
850.8474576271186,626.0516572014822,-3681.429970615409,84333.97998161275,0.09238746877103453
876.271186440678,626.0516572014822,-3616.8821545534756,84433.42919968092,0.09228204432561182
901.6949152542372,626.0516572014822,-3552.334338491543,84532.8784177491,0.09217686020813878
927.1186440677966,626.0516572014822,-3487.78652242961,84632.32763581727,0.09207191559776545
952.542372881356,626.0516572014822,-3423.2387063676774,84731.77685388544,0.0919672096773759
977.9661016949153,626.0516572014822,-3358.6908903057442,84831.22607195361,0.09186274163356686
1003.3898305084746,626.0516572014822,-3294.1430742438115,84930.6752900218,0.09175851065662673
1028.8135593220338,626.0516572014822,-3229.5952581818788,85030.12450808997,0.0916545159405147
1054.2372881355932,626.0516572014822,-3165.047442119946,85129.57372615815,0.09155075668283995
1079.6610169491526,626.0516572014822,-3100.4996260580133,85229.02294422631,0.09144723208484098
1105.084745762712,626.0516572014822,-3035.95180999608,85328.4721622945,0.09134394135136509
1130.508474576271,626.0516572014822,-2971.403993934148,85427.92138036268,0.09124088369084811
1155.9322033898306,626.0516572014822,-2906.856177872214,85527.37059843086,0.09113805831529416
1181.3559322033898,626.0516572014822,-2842.308361810282,85626.819816499,0.09103546444025547
1206.7796610169491,626.0516572014822,-2777.760545748349,85726.26903456719,0.09093310128481254
1232.2033898305085,626.0516572014822,-2713.212729686416,85825.71825263537,0.09083096807155429
1257.6271186440677,626.0516572014822,-2648.6649136244837,85925.16747070354,0.09072906402655839
1283.0508474576272,626.0516572014822,-2584.11709756255,86024.61668877171,0.09062738837937166
1308.4745762711864,626.0516572014822,-2519.5692815006178,86124.0659068399,0.09052594036299069
1333.8983050847457,626.0516572014822,-2455.021465438685,86223.51512490807,0.09042471921384262
1359.322033898305,626.0516572014822,-2390.473649376752,86322.96434297624,0.09032372417176585
1384.7457627118642,626.0516572014822,-2325.9258333148196,86422.4135610444,0.09022295447999108
1410.1694915254238,626.0516572014822,-2261.378017252886,86521.86277911259,0.09012240938512245
1435.593220338983,626.0516572014822,-2196.8302011909536,86621.31199718078,0.0900220881371187
1461.0169491525423,626.0516572014822,-2132.282385129021,86720.76121524896,0.08992198998927453
1486.4406779661017,626.0516572014822,-2067.7345690670877,86820.2104333171,0.0898221141982021
1511.864406779661,626.0516572014822,-2003.186753005155,86919.65965138529,0.08972246002381258
1537.2881355932204,626.0516572014822,-1938.6389369432218,87019.10886945347,0.08962302672929794
1562.7118644067796,626.0516572014822,-1874.0911208812895,87118.55808752163,0.08952381358111274
1588.135593220339,626.0516572014822,-1809.5433048193568,87218.00730558982,0.08942481984895605
1613.5593220338983,626.0516572014822,-1744.995488757424,87317.45652365798,0.08932604480575368
1638.9830508474577,626.0516572014822,-1680.4476726954908,87416.9057417262,0.08922748772764019
1664.406779661017,626.0516572014822,-1615.8998566335576,87516.35495979435,0.08912914789394136
1689.8305084745762,626.0516572014822,-1551.3520405716254,87615.80417786252,0.08903102458715657
1715.2542372881355,626.0516572014822,-1486.8042245096922,87715.25339593069,0.08893311709294129
1740.677966101695,626.0516572014822,-1422.25640844776,87814.70261399889,0.08883542470008982
1766.1016949152543,626.0516572014822,-1357.7085923858267,87914.15183206704,0.0887379467005181
1791.5254237288136,626.0516572014822,-1293.1607763238935,88013.60105013521,0.08864068238924647
1816.9491525423728,626.0516572014822,-1228.6129602619612,88113.05026820341,0.08854363106438279
1842.3728813559321,626.0516572014822,-1164.065144200028,88212.49948627155,0.08844679202710555
1867.7966101694915,626.0516572014822,-1099.5173281380958,88311.94870433974,0.08835016458164704
1893.2203389830509,626.0516572014822,-1034.9695120761626,88411.39792240792,0.08825374803527673
1918.6440677966102,626.0516572014822,-970.4216960142294,88510.84714047611,0.08815754169828466
1944.0677966101696,626.0516572014822,-905.8738799522971,88610.29635854429,0.08806154488396507
1969.4915254237287,626.0516572014822,-841.3260638903648,88709.74557661243,0.08796575690860006
1994.915254237288,626.0516572014822,-776.7782478284316,88809.19479468063,0.08787017709144328
2020.3389830508474,626.0516572014822,-712.2304317664984,88908.6440127488,0.08777480475470381
2045.7627118644068,626.0516572014822,-647.6826157045653,89008.09323081699,0.08767963922353025
2071.186440677966,626.0516572014822,-583.134799642633,89107.54244888513,0.08758467982599474
2096.610169491525,626.0516572014822,-518.5869835807007,89206.99166695333,0.08748992589307704
2122.0338983050847,626.0516572014822,-454.0391675187675,89306.4408850215,0.08739537675864897
2147.4576271186443,626.0516572014822,-389.4913514568334,89405.89010308967,0.08730103175945876
2172.8813559322034,626.0516572014822,-324.9435353949011,89505.33932115785,0.08720689023511552
2198.3050847457625,626.0516572014822,-260.39571933296884,89604.78853922602,0.08711295152807379
2223.728813559322,626.0516572014822,-195.84790327103565,89704.2377572942,0.0870192149836183
2249.1525423728813,626.0516572014822,-131.30008720910337,89803.68697536239,0.08692567994984877
2274.576271186441,626.0516572014822,-66.75227114717018,89903.13619343055,0.08683234577766474
2300.0,626.0516572014822,-2.2044550852369866,90002.5854114987,0.08673921182075055
800.0,703.8135554931562,-4481.710701184798,94283.08455472547,0.08291154126507067
825.4237288135594,703.8135554931562,-4417.162885122865,94382.53377279361,0.08282662400005329
850.8474576271186,703.8135554931562,-4352.615069060933,94481.98299086181,0.08274188050008625
876.271186440678,703.8135554931562,-4288.067252999,94581.43220893,0.08265731023235512
901.6949152542372,703.8135554931562,-4223.519436937067,94680.88142699815,0.08257291266622158
927.1186440677966,703.8135554931562,-4158.971620875134,94780.33064506632,0.08248868727321228
952.542372881356,703.8135554931562,-4094.4238048132015,94879.77986313452,0.08240463352700794
977.9661016949153,703.8135554931562,-4029.8759887512683,94979.22908120268,0.0823207509034323
1003.3898305084746,703.8135554931562,-3965.3281726893356,95078.67829927088,0.08223703888044123
1028.8135593220338,703.8135554931562,-3900.780356627403,95178.12751733902,0.08215349693811193
1054.2372881355932,703.8135554931562,-3836.23254056547,95277.5767354072,0.08207012455863211
1079.6610169491526,703.8135554931562,-3771.6847245035374,95377.0259534754,0.08198692122628937
1105.084745762712,703.8135554931562,-3707.136908441604,95476.47517154356,0.08190388642746052
1130.508474576271,703.8135554931562,-3642.589092379672,95575.92438961171,0.08182101965060096
1155.9322033898306,703.8135554931562,-3578.0412763177383,95675.37360767991,0.08173832038623431
1181.3559322033898,703.8135554931562,-3513.493460255806,95774.8228257481,0.08165578812694188
1206.7796610169491,703.8135554931562,-3448.9456441938732,95874.27204381625,0.0815734223673522
1232.2033898305085,703.8135554931562,-3384.39782813194,95973.72126188442,0.08149122260413094
1257.6271186440677,703.8135554931562,-3319.850012070008,96073.1704799526,0.08140918833597045
1283.0508474576272,703.8135554931562,-3255.302196008074,96172.61969802076,0.0813273190635797
1308.4745762711864,703.8135554931562,-3190.754379946142,96272.06891608896,0.081245614289674
1333.8983050847457,703.8135554931562,-3126.206563884209,96371.51813415712,0.0811640735189651
1359.322033898305,703.8135554931562,-3061.658747822276,96470.9673522253,0.08108269625815111
1384.7457627118642,703.8135554931562,-2997.1109317603436,96570.41657029348,0.08100148201590648
1410.1694915254238,703.8135554931562,-2932.56311569841,96669.86578836167,0.08092043030287227
1435.593220338983,703.8135554931562,-2868.0152996364777,96769.31500642984,0.08083954063164615
1461.0169491525423,703.8135554931562,-2803.467483574545,96868.764224498,0.08075881251677279
1486.4406779661017,703.8135554931562,-2738.919667512612,96968.21344256618,0.08067824547473401
1511.864406779661,703.8135554931562,-2674.371851450679,97067.66266063433,0.08059783902393919
1537.2881355932204,703.8135554931562,-2609.824035388746,97167.11187870253,0.08051759268471571
1562.7118644067796,703.8135554931562,-2545.2762193268136,97266.56109677069,0.08043750597929937
1588.135593220339,703.8135554931562,-2480.728403264881,97366.01031483887,0.08035757843182485
1613.5593220338983,703.8135554931562,-2416.180587202948,97465.45953290707,0.08027780956831641
1638.9830508474577,703.8135554931562,-2351.632771141015,97564.90875097524,0.08019819891667845
1664.406779661017,703.8135554931562,-2287.0849550790817,97664.35796904343,0.08011874600668616
1689.8305084745762,703.8135554931562,-2222.5371390171495,97763.8071871116,0.08003945036997637
1715.2542372881355,703.8135554931562,-2157.9893229552163,97863.25640517977,0.0799603115400382
1740.677966101695,703.8135554931562,-2093.441506893284,97962.70562324792,0.07988132905220408
1766.1016949152543,703.8135554931562,-2028.8936908313508,98062.15484131612,0.07980250244364052
1791.5254237288136,703.8135554931562,-1964.3458747694176,98161.60405938429,0.07972383125333911
1816.9491525423728,703.8135554931562,-1899.7980587074853,98261.05327745246,0.07964531502210759
1842.3728813559321,703.8135554931562,-1835.2502426455521,98360.50249552065,0.07956695329256082
1867.7966101694915,703.8135554931562,-1770.7024265836199,98459.9517135888,0.07948874560911197
1893.2203389830509,703.8135554931562,-1706.1546105216867,98559.40093165699,0.07941069151796364
1918.6440677966102,703.8135554931562,-1641.6067944597535,98658.85014972514,0.07933279056709916
1944.0677966101696,703.8135554931562,-1577.0589783978212,98758.29936779334,0.07925504230627375
1969.4915254237287,703.8135554931562,-1512.511162335889,98857.7485858615,0.07917744628700599
1994.915254237288,703.8135554931562,-1447.9633462739557,98957.19780392968,0.07910000206256902
2020.3389830508474,703.8135554931562,-1383.4155302120225,99056.64702199787,0.07902270918798214
2045.7627118644068,703.8135554931562,-1318.8677141500893,99156.09624006602,0.07894556722000218
2071.186440677966,703.8135554931562,-1254.319898088157,99255.54545813419,0.07886857571711506
2096.610169491525,703.8135554931562,-1189.7720820262248,99354.99467620239,0.07879173423952736
2122.0338983050847,703.8135554931562,-1125.2242659642916,99454.44389427056,0.07871504234915795
2147.4576271186443,703.8135554931562,-1060.6764499023575,99553.89311233873,0.0786384996096297
2172.8813559322034,703.8135554931562,-996.1286338404252,99653.3423304069,0.07856210558626112
2198.3050847457625,703.8135554931562,-931.5808177784929,99752.79154847506,0.0784858598460582
2223.728813559322,703.8135554931562,-867.0330017165597,99852.24076654325,0.07840976195770621
2249.1525423728813,703.8135554931562,-802.4851856546275,99951.68998461145,0.07833381149156157
2274.576271186441,703.8135554931562,-737.9373695926943,100051.13920267961,0.07825800801964378
2300.0,703.8135554931562,-673.3895535307611,100150.58842074778,0.07818235111562732
800.0,791.2342618981327,-5236.263724241385,105691.57137356339,0.07418631838713795
825.4237288135594,791.2342618981327,-5171.715908179452,105791.02059163155,0.07411832597156894
850.8474576271186,791.2342618981327,-5107.168092117519,105890.46980969973,0.0740504580731768
876.271186440678,791.2342618981327,-5042.620276055586,105989.9190277679,0.07398271435022463
901.6949152542372,791.2342618981327,-4978.072459993653,106089.36824583609,0.07391509446222495
927.1186440677966,791.2342618981327,-4913.524643931721,106188.81746390423,0.07384759806993399
952.542372881356,791.2342618981327,-4848.976827869788,106288.26668197244,0.07378022483534592
977.9661016949153,791.2342618981327,-4784.429011807855,106387.7159000406,0.07371297442168734
1003.3898305084746,791.2342618981327,-4719.881195745922,106487.16511810875,0.07364584649341155
1028.8135593220338,791.2342618981327,-4655.333379683989,106586.61433617698,0.07357884071619304
1054.2372881355932,791.2342618981327,-4590.7855636220565,106686.06355424512,0.07351195675692196
1079.6610169491526,791.2342618981327,-4526.237747560124,106785.51277231329,0.0734451942836985
1105.084745762712,791.2342618981327,-4461.689931498191,106884.96199038149,0.07337855296582749
1130.508474576271,791.2342618981327,-4397.142115436258,106984.41120844964,0.07331203247381293
1155.9322033898306,791.2342618981327,-4332.594299374325,107083.86042651783,0.07324563247935252
1181.3559322033898,791.2342618981327,-4268.046483312392,107183.309644586,0.07317935265533228
1206.7796610169491,791.2342618981327,-4203.49866725046,107282.75886265417,0.07311319267582117
1232.2033898305085,791.2342618981327,-4138.950851188527,107382.20808072235,0.0730471522160658
1257.6271186440677,791.2342618981327,-4074.403035126594,107481.65729879052,0.072981230952485
1283.0508474576272,791.2342618981327,-4009.8552190646606,107581.1065168587,0.07291542856266468
1308.4745762711864,791.2342618981327,-3945.3074030027283,107680.55573492688,0.07284974472535247
1333.8983050847457,791.2342618981327,-3880.7595869407955,107780.00495299505,0.07278417912045253
1359.322033898305,791.2342618981327,-3816.2117708788624,107879.4541710632,0.07271873142902029
1384.7457627118642,791.2342618981327,-3751.66395481693,107978.90338913139,0.07265340133325741
1410.1694915254238,791.2342618981327,-3687.1161387549964,108078.35260719957,0.07258818851650654
1435.593220338983,791.2342618981327,-3622.568322693064,108177.80182526776,0.0725230926632462
1461.0169491525423,791.2342618981327,-3558.0205066311314,108277.2510433359,0.07245811345908572
1486.4406779661017,791.2342618981327,-3493.472690569198,108376.70026140413,0.07239325059076016
1511.864406779661,791.2342618981327,-3428.9248745072655,108476.14947947225,0.07232850374612532
1537.2881355932204,791.2342618981327,-3364.3770584453323,108575.59869754042,0.07226387261415267
1562.7118644067796,791.2342618981327,-3299.8292423834,108675.04791560862,0.0721993568849244
1588.135593220339,791.2342618981327,-3235.2814263214673,108774.49713367678,0.0721349562496285
1613.5593220338983,791.2342618981327,-3170.7336102595345,108873.94635174499,0.07207067040055377
1638.9830508474577,791.2342618981327,-3106.1857941976014,108973.39556981315,0.07200649903108496
1664.406779661017,791.2342618981327,-3041.637978135668,109072.84478788133,0.07194244183569784
1689.8305084745762,791.2342618981327,-2977.090162073736,109172.2940059495,0.07187849850995447
1715.2542372881355,791.2342618981327,-2912.5423460118027,109271.74322401771,0.07181466875049826
1740.677966101695,791.2342618981327,-2847.9945299498704,109371.19244208586,0.07175095225504922
1766.1016949152543,791.2342618981327,-2783.446713887937,109470.64166015401,0.07168734872239917
1791.5254237288136,791.2342618981327,-2718.898897826004,109570.09087822221,0.07162385785240703
1816.9491525423728,791.2342618981327,-2654.3510817640718,109669.54009629037,0.07156047934599404
1842.3728813559321,791.2342618981327,-2589.8032657021386,109768.98931435852,0.07149721290513915
1867.7966101694915,791.2342618981327,-2525.2554496402063,109868.43853242674,0.07143405823287424
1893.2203389830509,791.2342618981327,-2460.707633578273,109967.8877504949,0.0713710150332796
1918.6440677966102,791.2342618981327,-2396.15981751634,110067.33696856306,0.07130808301147917
1944.0677966101696,791.2342618981327,-2331.6120014544076,110166.78618663126,0.07124526187363604
1969.4915254237287,791.2342618981327,-2267.0641853924753,110266.23540469942,0.07118255132694788
1994.915254237288,791.2342618981327,-2202.516369330542,110365.68462276759,0.0711199510796423
2020.3389830508474,791.2342618981327,-2137.968553268609,110465.13384083578,0.07105746084097242
2045.7627118644068,791.2342618981327,-2073.4207372066758,110564.58305890395,0.07099508032121235
2071.186440677966,791.2342618981327,-2008.8729211447435,110664.03227697211,0.07093280923165265
2096.610169491525,791.2342618981327,-1944.3251050828112,110763.48149504032,0.07087064728459597
2122.0338983050847,791.2342618981327,-1879.777289020878,110862.93071310846,0.07080859419335252
2147.4576271186443,791.2342618981327,-1815.229472958944,110962.37993117663,0.07074664967223575
2172.8813559322034,791.2342618981327,-1750.6816568970116,111061.82914924483,0.07068481343655793
2198.3050847457625,791.2342618981327,-1686.1338408350794,111161.27836731299,0.07062308520262577
2223.728813559322,791.2342618981327,-1621.5860247731462,111260.72758538117,0.0705614646877361
2249.1525423728813,791.2342618981327,-1557.0382087112139,111360.17680344936,0.07049995161017157
2274.576271186441,791.2342618981327,-1492.4903926492807,111459.62602151748,0.07043854568919633
2300.0,791.2342618981327,-1427.9425765873475,111559.0752395857,0.07037724664505178
800.0,889.5134973108236,-6084.539804748033,118517.10674017455,0.06633808468207293
825.4237288135594,889.5134973108236,-6019.9919886861,118616.5559582427,0.06628371199455133
850.8474576271186,889.5134973108236,-5955.444172624168,118716.00517631088,0.06622942836501207
876.271186440678,889.5134973108236,-5890.896356562234,118815.45439437906,0.06617523357482977
901.6949152542372,889.5134973108236,-5826.348540500301,118914.90361244722,0.066121127406094
927.1186440677966,889.5134973108236,-5761.800724438369,119014.3528305154,0.06606710964160645
952.542372881356,889.5134973108236,-5697.252908376437,119113.80204858359,0.06601318006487798
977.9661016949153,889.5134973108236,-5632.705092314503,119213.25126665173,0.0659593384601258
1003.3898305084746,889.5134973108236,-5568.15727625257,119312.70048471991,0.06590558461227043
1028.8135593220338,889.5134973108236,-5503.609460190637,119412.14970278811,0.06585191830693302
1054.2372881355932,889.5134973108236,-5439.061644128705,119511.59892085627,0.06579833933043239
1079.6610169491526,889.5134973108236,-5374.5138280667725,119611.04813892444,0.06574484746978221
1105.084745762712,889.5134973108236,-5309.966012004839,119710.49735699264,0.06569144251268821
1130.508474576271,889.5134973108236,-5245.418195942906,119809.94657506078,0.06563812424754537
1155.9322033898306,889.5134973108236,-5180.870379880973,119909.39579312896,0.06558489246343505
1181.3559322033898,889.5134973108236,-5116.322563819041,120008.84501119716,0.06553174695012229
1206.7796610169491,889.5134973108236,-5051.774747757108,120108.29422926532,0.06547868749805306
1232.2033898305085,889.5134973108236,-4987.226931695175,120207.7434473335,0.06542571389835145
1257.6271186440677,889.5134973108236,-4922.679115633242,120307.19266540166,0.06537282594281689
1283.0508474576272,889.5134973108236,-4858.131299571309,120406.64188346983,0.0653200234239215
1308.4745762711864,889.5134973108236,-4793.5834835093765,120506.09110153801,0.06526730613480738
1333.8983050847457,889.5134973108236,-4729.035667447444,120605.54031960618,0.06521467386928391
1359.322033898305,889.5134973108236,-4664.487851385511,120704.98953767437,0.0651621264218249
1384.7457627118642,889.5134973108236,-4599.940035323578,120804.43875574252,0.06510966358756616
1410.1694915254238,889.5134973108236,-4535.392219261645,120903.88797381075,0.06505728516230273
1435.593220338983,889.5134973108236,-4470.844403199712,121003.33719187889,0.06500499094248614
1461.0169491525423,889.5134973108236,-4406.29658713778,121102.78640994705,0.06495278072522195
1486.4406779661017,889.5134973108236,-4341.748771075847,121202.23562801527,0.06490065430826696
1511.864406779661,889.5134973108236,-4277.200955013914,121301.68484608342,0.06484861149002671
1537.2881355932204,889.5134973108236,-4212.6531389519805,121401.1340641516,0.06479665206955286
1562.7118644067796,889.5134973108236,-4148.105322890048,121500.58328221977,0.06474477584654052
1588.135593220339,889.5134973108236,-4083.5575068281155,121600.03250028793,0.06469298262132583
1613.5593220338983,889.5134973108236,-4019.0096907661828,121699.48171835612,0.06464127219488325
1638.9830508474577,889.5134973108236,-3954.4618747042496,121798.93093642431,0.06458964436882308
1664.406779661017,889.5134973108236,-3889.9140586423164,121898.38015449245,0.06453809894538896
1689.8305084745762,889.5134973108236,-3825.366242580384,121997.82937256063,0.06448663572745526
1715.2542372881355,889.5134973108236,-3760.818426518451,122097.27859062885,0.0644352545185246
1740.677966101695,889.5134973108236,-3696.2706104565186,122196.727808697,0.06438395512272536
1766.1016949152543,889.5134973108236,-3631.7227943945854,122296.17702676519,0.06433273734480922
1791.5254237288136,889.5134973108236,-3567.1749783326522,122395.62624483336,0.06428160099014865
1816.9491525423728,889.5134973108236,-3502.62716227072,122495.07546290153,0.06423054586473438
1842.3728813559321,889.5134973108236,-3438.079346208787,122594.52468096973,0.06417957177517308
1867.7966101694915,889.5134973108236,-3373.5315301468545,122693.97389903787,0.06412867852868484
1893.2203389830509,889.5134973108236,-3308.9837140849213,122793.42311710604,0.06407786593310072
1918.6440677966102,889.5134973108236,-3244.435898022988,122892.87233517422,0.06402713379686038
1944.0677966101696,889.5134973108236,-3179.888081961056,122992.32155324242,0.06397648192900965
1969.4915254237287,889.5134973108236,-3115.3402658991236,123091.77077131058,0.06392591013919814
1994.915254237288,889.5134973108236,-3050.7924498371904,123191.21998937876,0.06387541823767684
2020.3389830508474,889.5134973108236,-2986.244633775257,123290.66920744695,0.06382500603529578
2045.7627118644068,889.5134973108236,-2921.696817713324,123390.1184255151,0.06377467334350166
2071.186440677966,889.5134973108236,-2857.1490016513917,123489.56764358327,0.06372441997433545
2096.610169491525,889.5134973108236,-2792.6011855894594,123589.01686165146,0.0636742457404301
2122.0338983050847,889.5134973108236,-2728.0533695275262,123688.46607971961,0.06362415045500822
2147.4576271186443,889.5134973108236,-2663.505553465592,123787.9152977878,0.0635741339318797
2172.8813559322034,889.5134973108236,-2598.95773740366,123887.36451585598,0.06352419598543949
2198.3050847457625,889.5134973108236,-2534.4099213417276,123986.81373392414,0.06347433643066522
2223.728813559322,889.5134973108236,-2469.8621052797944,124086.26295199232,0.063424555083115
2249.1525423728813,889.5134973108236,-2405.314289217862,124185.71217006048,0.06337485175892507
2274.576271186441,889.5134973108236,-2340.766473155929,124285.16138812865,0.06332522627480754
2300.0,889.5134973108236,-2276.2186570939957,124384.61060619687,0.06327567844804821
800.0,1000.0,-7038.180286956741,132935.7023043625,0.0592870129124732
825.4237288135594,1000.0,-6973.632470894808,133035.15152243065,0.059243580703433024
850.8474576271186,1000.0,-6909.0846548328755,133134.6007404988,0.059200212082548234
876.271186440678,1000.0,-6844.536838770942,133234.04995856696,0.059156906910273935
901.6949152542372,1000.0,-6779.989022709009,133333.4991766352,0.059113665047473236
927.1186440677966,1000.0,-6715.441206647077,133432.94839470333,0.05907048635541576
952.542372881356,1000.0,-6650.8933905851445,133532.39761277154,0.05902737069577617
977.9661016949153,1000.0,-6586.345574523211,133631.8468308397,0.05898431793063269
1003.3898305084746,1000.0,-6521.797758461278,133731.29604890785,0.05894132792246566
1028.8135593220338,1000.0,-6457.249942399345,133830.74526697607,0.058898400534155994
1054.2372881355932,1000.0,-6392.702126337413,133930.19448504422,0.058855535628983824
1079.6610169491526,1000.0,-6328.15431027548,134029.64370311238,0.058812733070626955
1105.084745762712,1000.0,-6263.606494213547,134129.09292118056,0.05876999272315952
1130.508474576271,1000.0,-6199.058678151614,134228.54213924878,0.05872731445105042
1155.9322033898306,1000.0,-6134.510862089681,134327.99135731693,0.05868469811916201
1181.3559322033898,1000.0,-6069.9630460277485,134427.44057538512,0.05864214359274859
1206.7796610169491,1000.0,-6005.415229965816,134526.88979345327,0.058599650737455024
1232.2033898305085,1000.0,-5940.867413903883,134626.3390115215,0.05855721941931531
1257.6271186440677,1000.0,-5876.31959784195,134725.78822958964,0.05851484950475119
1283.0508474576272,1000.0,-5811.771781780017,134825.23744765783,0.05847254086057072
1308.4745762711864,1000.0,-5747.223965718084,134924.68666572598,0.0584302933539669
1333.8983050847457,1000.0,-5682.676149656152,135024.13588379414,0.05838810685251627
1359.322033898305,1000.0,-5618.128333594219,135123.58510186235,0.05834598122417754
1384.7457627118642,1000.0,-5553.580517532286,135223.0343199305,0.058303916337290214
1410.1694915254238,1000.0,-5489.032701470353,135322.48353799866,0.05826191206057316
1435.593220338983,1000.0,-5424.48488540842,135421.93275606685,0.058219968263123346
1461.0169491525423,1000.0,-5359.937069346488,135521.381974135,0.058178084814414416
1486.4406779661017,1000.0,-5295.389253284555,135620.83119220322,0.058136261584295315
1511.864406779661,1000.0,-5230.841437222622,135720.2804102714,0.058094498442989
1537.2881355932204,1000.0,-5166.293621160688,135819.72962833956,0.058052795261091084
1562.7118644067796,1000.0,-5101.745805098756,135919.17884640774,0.05801115190956844
1588.135593220339,1000.0,-5037.197989036824,136018.62806447592,0.057969568259757964
1613.5593220338983,1000.0,-4972.650172974891,136118.07728254408,0.05792804418336516
1638.9830508474577,1000.0,-4908.1023569129575,136217.52650061226,0.05788657955246291
1664.406779661017,1000.0,-4843.554540851024,136316.97571868042,0.05784517423949006
1689.8305084745762,1000.0,-4779.006724789092,136416.4249367486,0.0578038281172502
1715.2542372881355,1000.0,-4714.458908727159,136515.8741548168,0.0577625410589103
1740.677966101695,1000.0,-4649.9110926652265,136615.32337288494,0.057721312937999494
1766.1016949152543,1000.0,-4585.363276603293,136714.7725909531,0.057680143628407655
1791.5254237288136,1000.0,-4520.81546054136,136814.2218090213,0.057639033004384256
1816.9491525423728,1000.0,-4456.267644479428,136913.67102708947,0.057597980940536975
1842.3728813559321,1000.0,-4391.719828417495,137013.12024515765,0.057556987311830496
1867.7966101694915,1000.0,-4327.172012355562,137112.56946322584,0.0575160519935852
1893.2203389830509,1000.0,-4262.624196293629,137212.01868129402,0.057475174861475894
1918.6440677966102,1000.0,-4198.076380231696,137311.46789936218,0.05743435579153061
1944.0677966101696,1000.0,-4133.528564169764,137410.91711743036,0.05739359466012928
1969.4915254237287,1000.0,-4068.9807481078315,137510.36633549852,0.057352891344002524
1994.915254237288,1000.0,-4004.4329320458983,137609.81555356667,0.057312245720230415
2020.3389830508474,1000.0,-3939.885115983965,137709.26477163486,0.05727165766624122
2045.7627118644068,1000.0,-3875.337299922032,137808.713989703,0.057231127059810157
2071.186440677966,1000.0,-3810.7894838600996,137908.1632077712,0.057190653779058236
2096.610169491525,1000.0,-3746.2416677981673,138007.6124258394,0.05715023770245096
2122.0338983050847,1000.0,-3681.693851736234,138107.0616439076,0.05710987870879712
2147.4576271186443,1000.0,-3617.1460356743,138206.51086197575,0.05706957667724765
2172.8813559322034,1000.0,-3552.5982196123678,138305.96008004394,0.057029331487294346
2198.3050847457625,1000.0,-3488.0504035504355,138405.40929811212,0.05698914301876868
2223.728813559322,1000.0,-3423.5025874885023,138504.85851618028,0.05694901115184063
2249.1525423728813,1000.0,-3358.95477142657,138604.30773424843,0.05690893576701749
2274.576271186441,1000.0,-3294.406955364637,138703.75695231662,0.056868916745142634
2300.0,1000.0,-3229.8591393027036,138803.2061703848,0.05682895396739438
