site,annual_solar_kWh,annual_wind_kWh,annual_total_kWh,annual_decares,best_month,worst_month,p10_decares_per_day,p50_decares_per_day,p90_decares_per_day
Konya_TR,4349.145996627699,287.6642047597902,4636.8102013874895,5031.807055222452,6,12,6.8222523234877075,13.938274310485962,20.95010654872758
Palencia_ES,3798.4239650323952,217.96408883482837,4016.3880538672242,4358.532885368664,6,12,4.902486388739025,11.954785945648574,18.9599752006741
Beauce_FR,2964.6935677433935,363.08676808424883,3327.7803358276424,3611.264607517789,6,12,3.4595780229386084,9.957561730788846,16.837232325260597
DesMoines_US,3612.282462676037,530.5511262328885,4142.833588908926,4495.749960834428,7,12,6.476802606732958,12.034882902512718,18.086273689676513
Ludhiana_IN,4126.537027419666,145.72250369153934,4272.259531111205,4636.201335986115,5,12,9.044720503764621,11.954469444485051,17.71256474639537
SaoPaulo_BR,4265.233991098991,103.02525322628746,4368.259244325279,4740.378995469647,1,6,8.33277046203727,13.097186612003197,17.532832550138515
